districtId,district_name,SES_highschool_dropouts,SES_residence_vacancies,SES_unemployment,RUR_surrounding_pop,SES_average_income,RUR_distance_to_urban_centers,SES_male_life_expectancy,SES_female_life_expectancy,SES_average_salary,RUR_area_share_farms_forests,RUR_settlement_density,SES_communal_tax_revenue,SES_net_migration,population_density,primary_care_capacity,hospital_capacity,share_of_nursing_home_care,average_living_area,RUR_share_of_1_2_family_homes,total_population,population_60_plus,average_age,average_household_size,share_female
1001,"Flensburg, Stadt",7.6,26.5,11.5,187,2867,1.54666666666667,75.2,80.1,2235,32.5,2860.2,619,9.6,1493,66.1,101.9,40.6,44.1,71.9,82258,9249,42.7,1.8,0.50723333900654
1002,KS Kiel,7.4,25.7,10.5,408,3129,1.39083333333333,77.1,82.1,2496.2,35.6,3788.3,590,8.6,2049,65,93.2,34.4,38.4,67.1,235782,24082,41.3,1.9,0.518601928900425
1003,KS Lübeck,9.9,29.3,10.6,403,2885,2.01333333333333,77.3,82.1,2327.3,46.9,2720.6,574,8.8,1001,62,80.2,47.3,39.2,75.5,210305,25790,44.2,1.9,0.525298970542783
1004,"Neumünster, Stadt",7.4,33.9,11.1,306,2699,1.58833333333333,76.3,81,2295.7,46.8,2160.7,600,5.4,1083,55.4,87.4,39.9,42.5,81.7,77249,9497,43.5,2,0.511838340949397
1051,Dithmarschen,9.8,31.5,8,111,2749,64.8316666666667,77.2,81.6,2152.4,79.9,846.4,599,2.4,93,61.8,53,39.1,51.5,93.8625,133900,17739,44.1,2.2,0.510619865571322
1053,Herzogtum Lauenburg,7.7,29.9,6.2,349,2676,26.6141666666667,78.8,82.8,2211.6,83.8,1320.9,629,8,151,52.4,31.6,36.8,45.6,90.9928571428571,187138,22976,43.6,2.3,0.513856084814415
1054,Nordfriesland,7.3,22.4,7,75,2619,47.4483333333333,77.9,82.5,2194.7,81.1,740.5,696,1.8,78,63.5,44.9,37,54.3,92.6769230769231,163665,20922,43.8,2.2,0.514001160907952
1055,Ostholstein,8.5,24.6,6.8,149,2480,41.2066666666667,78,82.4,2020.8,82.3,1221.3,583,6.1,142,63,90.1,44.2,50.1,89.455,198413,28719,46.1,2.1,0.519865129805003
1056,Pinneberg,6.1,21.1,5.6,624,2864,22.235,78.8,83.1,2421.1,70.6,2133,794,9.1,458,50,32,37,44.2,90.2894736842105,296341,36302,43.6,2.2,0.513918087608532
1057,Plön,8,26,5.9,205,2610,22.9983333333333,79.3,82.9,1978.1,79.6,1243.7,622,2.4,117,63.8,17.7,34.1,48.2,92.7692307692308,127676,17519,45,2.3,0.516847332309909
1058,Rendsburg-Eckernförde,7.4,33.9,5.7,213,2778,24.065,78.6,82.8,2173.6,83.3,1090.4,605,2.6,123,62.9,40.6,38.7,48.5,92.4,269364,34104,43.5,2.3,0.5104468303114
1059,Schleswig-Flensburg,7.6,26.5,8.1,132,2565,25.6966666666667,78.4,82.3,2030.6,82.4,880.2,541,2.5,94,59.8,34.1,42.6,50.4,93.3944444444444,196025,25256,43.5,2.3,0.5071802066063
1060,Segeberg,6.7,22.8,5.1,391,2816,22.485,79,82.8,2381.4,83.6,1477.5,733,6.1,197,54,64.1,44.8,44.9,91.9266666666667,260665,31393,43,2.3,0.510854928739954
1061,Steinburg,8.6,42,6.1,246,2815,42.3016666666667,77.1,81.9,2213.9,82,1120.4,650,2.3,123,62.2,48.6,39.2,46.8,91.9,130783,16227,43.6,2.2,0.509049341275242
1062,Stormarn,5.2,21.4,4.2,596,2873,17.5208333333333,79.6,83.3,2444,80,1791.4,901,9.3,309,57.9,48.3,46.2,45.6,91.2333333333334,230555,29079,43.9,2.3,0.515621001496389
2000,"KS Hamburg, Freie und Hansesta",6,15.8,7.7,2043,3444,1.97666666666667,78.5,83.2,3103.9,31.3,3905.7,1156,7.6,2334,66,65,31.5,38.9,67.4,1706696,180301,41.9,1.9,0.516345617497199
3101,KS Braunschweig,5.5,31.9,7.7,497,3247,1.30666666666667,77.6,83.1,2675.9,49.8,2751,815,8.3,1293,56.3,80.6,34.7,43.8,68.8,242537,27134,43,1.9,0.512948539810421
3102,"Salzgitter, Stadt",3.8,71.85,9.3,383,3785,1.505,76.2,81.4,3042,68.2,1542,795,3.8,442,65.7,46.8,28.1,46,75.6,98895,13056,44.6,2.1,0.514485059912028
3103,KS Wolfsburg,4.2,38.1,5.4,310,4504,1.925,78.3,82.9,4039.1,65.4,1927.9,1846,8.8,603,50.4,46.7,29.1,45.1,80.2,119984,15387,44.2,2.1,0.510376383517802
3151,Gifhorn,4.8,30.5,5.5,199,2907,24.9516666666667,78.2,83.6,2059.4,85.8,1022.5,592,2.6,110,46.4,26.4,23.6,51.1,94.44,171331,18790,41.9,2.5,0.503288955297057
3153,Goslar,6.7,69.7,9.2,195,2727,25.0266666666667,77.1,82.1,2224.1,87,1305.9,542,2.7,142,64.1,80.4,39.3,51.2,83.9,140137,19884,46.6,2,0.514382354410327
3154,Helmstedt,5.6,69.5,7.8,228,2536,13.73,76.1,81.2,2122,84,1118.8,503,4.5,135,51.7,85,39.7,51.3,89.6777777777778,91410,11837,45.1,2.2,0.509736352696642
3155,Northeim,5.2,64.9,7.3,205,2757,30.6791666666667,77.3,82.1,2229.1,87.2,914.5,577,-0.9,106,79.2,33.4,30.1,52,90.0181818181818,137446,18353,45.4,2.3,0.510687833767443
3157,Peine,3.9,39.6,6.4,387,2800,16.555,77.6,82.1,2150.1,79.3,1362.8,577,3.8,244,52.1,23.9,33.8,50.1,92.825,130398,15373,43.3,2.3,0.510605990889431
3158,Wolfenbüttel,3.8,71.85,6.5,300,2786,12.8766666666667,78.1,82.2,2094.6,86.5,1379.6,599,3,166,47.5,24.7,33.6,51.2,91.65,120773,15346,44.4,2.2,0.509203215950585
3159,Göttingen,4.65,53.3,7.85,199.5,2888.5,27.23125,77.25,82.2,2330.5,85.4,1296.9,599,1.4,170,68.95,91.9,37.25,49.6,87.9636904761905,324823,39155,44.75,2.1,0.51364897190162
3241,Region Hannover,4.9,33,8.5,468,3194,17.4066666666667,78.4,83.4,2682.2,73.5,2216.4,814,6.9,492,59.5,62.6,33.2,45.2,85.9,1102242,128196,43.2,2,0.516920059297323
3251,Diepholz,4.4,31.2,4.6,227,2669,44.7391666666667,78.2,82.8,2074.2,84.5,837.3,736,4.4,106,47.8,22.9,28.9,51.6,93.9933333333333,211184,25847,43.6,2.4,0.504541063716948
3252,Hameln-Pyrmont,6.5,60.7,8.3,310,2970,40.9058333333333,76.9,82.1,2372.5,83.9,1302.8,622,1.4,186,69,75,33.3,51.9,86.9875,150259,19849,45.4,2.1,0.520527888512502
3254,Hildesheim,5.7,49.8,7.9,338,2885,15.615,77.3,82.5,2264.8,82.6,1473,604,1.7,228,63.7,66.8,33,48.8,90.5263157894737,277594,34393,44,2.2,0.517640871200386
3255,Holzminden,6.6,72.8,8.3,216,2934,50.4,76.4,80.9,2363.7,87.4,959.2,605,-0.6,103,68.6,29.5,32.3,53.3,88.8833333333333,73547,10290,45.5,2.3,0.509823650182876
3256,Nienburg (Weser),5.9,43.1,6.2,214,2671,51.695,77.2,82.1,2172.8,84.3,749.3,598,0.8,86,53.5,26.5,31,51.3,93.11,122242,14316,43.3,2.4,0.504433827980563
3257,Schaumburg,3.5,57.5,7.6,346,2750,35.0566666666667,77.6,82.6,2127.4,79.9,1283,550,2.8,231,61.6,41.2,37.1,51.3,88.65,157497,20487,44.8,2.2,0.515152669574659
3351,Celle,5.6,42.8,7.9,202,2984,18.8708333333333,77.4,82.6,2346.2,85.1,977.4,615,2.6,114,56.8,36.8,34.5,50.9,93.5,176690,21938,43.7,2.3,0.512428547173015
3352,Cuxhaven,7,34.8,6.3,178,2670,27.8316666666667,77.4,82.1,1991.8,84.5,855.8,507,2.8,96,53.9,35.7,30.1,51.9,94.1538461538462,198778,26948,44.7,2.3,0.511892664178128
3353,Harburg,3.2,21.2,5,454,2632,21.6033333333333,78.9,83.4,2103.7,80.8,1190.5,705,8.8,197,47.3,30.5,29.9,50.1,93.1666666666667,238442,29418,43.5,2.3,0.514393437397774
3354,Lüchow-Dannenberg,6.1,48.6,10.6,71,2485,59.465,76.2,80,1959.7,89.1,491,489,4.3,40,69.8,22.6,31,56.2,94.5,49205,7271,46.2,2.3,0.509582359516309
3355,Lüneburg,4,24.9,6.6,207,2728,18.945,77.6,82.7,2165.7,84.1,1175.4,582,7.4,135,66.2,48.1,36.5,46.8,92.2727272727273,174123,18844,41.8,2.2,0.514452427307133
3356,Osterholz,5,27.2,4.6,358,2580,19.1541666666667,77.7,82,1985.7,80.1,1112,577,5,171,53.8,19,33.5,50.1,94.7428571428571,110907,13815,43.8,2.3,0.510716185633008
3357,Rotenburg (Wümme),4.9,29.2,4.6,214,2689,40.185,77.7,82.7,2086.2,87.2,718.4,589,0.9,78,55,61,28.1,51.5,95.2230769230769,162726,18540,42.1,2.4,0.500921794919066
3358,Heidekreis,6.5,41.2,7,173,2757,39.6091666666667,77.4,82.5,2168.7,74.9,768.4,563,2.6,73,49.9,36.1,32.2,50.4,92.4384615384616,136693,16673,43.4,2.3,0.507963099792967
3359,Stade,4.8,27.7,6.4,329,2954,74.65,78,82.4,2256.7,79.8,1275.6,650,4.8,156,48.6,46.1,29.8,48.1,93.7545454545455,195450,22836,42.4,2.3,0.502711690969557
3360,Uelzen,4,46.4,7.4,127,2586,33.9,76.7,81.1,2018.3,86.5,721.4,569,3.6,64,61.6,86.9,42.1,52.8,92.6166666666667,93595,12442,45.2,2.2,0.514503979913457
3361,Verden,4.2,27.2,5.7,264,2801,24.0433333333333,78.7,82.5,2318,82,1119.5,755,3.9,169,60.8,19.7,34.7,50.7,92.9625,132300,15957,43,2.3,0.512350718065004
3401,"Delmenhorst, Stadt",4.4,31.2,10.6,513,2724,10.1916666666667,77.3,82.2,1879.8,48,2486.2,506,7,1200,52.1,63.6,22.2,45.5,88,73322,9225,43.6,2.1,0.510747115463299
3402,"Emden, Stadt",8.4,26,9.3,194,3438,75.1316666666667,74.1,79.1,2705.3,62.3,1599.7,941,3.5,445,64,70,25.9,45,87.1,49787,5889,42.5,2.1,0.511519071243497
3403,KS Oldenburg (Oldenburg),5,15.6,8.5,369,2960,1.77583333333333,78.3,82.9,2362,36,2612.1,708,6.2,1562,62.8,104.5,31.2,47.9,83.8,157267,16221,41.8,2,0.525634748548647
3404,KS Osnabrück,4.8,29.1,8.3,449,3048,1.41333333333333,77.9,82.7,2321.5,48,2634.5,750,6.4,1310,72.7,126.5,32.4,45.2,70.1,153699,16043,42.3,2,0.524173872308863
3405,"Wilhelmshaven, Stadt",4.4,41.7,12.6,188,3031,1.97333333333333,75.4,80.8,2356.3,48.7,1561.9,528,1.1,707,71.5,87.8,32.8,48,69.9,77451,10556,45.4,1.9,0.509651263379427
3451,Ammerland,3.3,19.8,4.8,242,2652,18.9158333333333,78.6,83.3,2186.4,79.6,963,615,8,165,59.2,67.6,29.8,52.2,95.1333333333333,117912,14404,43,2.3,0.510626568966687
3452,Aurich,8.4,26,7.9,149,2573,59.1183333333333,76.5,81.5,1921.1,78.4,994.9,714,4.9,146,62.2,36.8,18.1,51.9,92.8066666666667,187135,22950,43,2.3,0.511726828225613
3453,Cloppenburg,5.2,17.8,5.7,191,2512,35.01,77.2,83,2008.2,82.3,822,586,4.9,115,51.1,30.5,23.2,48.2,96.2076923076923,159337,14381,39.1,2.8,0.496551334592719
3454,Emsland,4.6,17.9,3.8,197,2828,59.6683333333333,78,83,2176.8,81.5,808.9,654,4.5,110,51.9,55.1,17.2,50.4,96.3,311089,32214,40.9,2.6,0.497224267010405
3455,Friesland,4.4,41.7,6.4,168,2695,20.3575,77.8,82,2119.7,80.3,972.2,508,1.9,160,61.9,46.8,31.1,53.3,92.1625,98229,13430,44.6,2.2,0.51277117755449
3456,Grafschaft Bentheim,6.2,18.2,4.7,283,2686,64.9466666666667,78.8,83.2,2023.7,81.6,959,571,2.7,137,59.6,44.6,25.9,49.5,96.3714285714286,133395,14954,41.8,2.5,0.503729525094644
3457,Leer,8,24.2,7,191,2622,49.8766666666667,77,81.5,1922.1,75.9,1015.2,492,6.2,153,55.5,42.2,23.5,50.7,95.7833333333333,163832,18996,42.2,2.4,0.506628741637775
3458,Oldenburg (Oldenburg),4.9,21.8,4.9,295,2538,19.1633333333333,78.6,82.3,2000.3,83.6,838.4,638,6.3,119,51.3,18.8,34.3,50.1,95.425,125014,14648,42.8,2.4,0.507351176668213
3459,Osnabrück,4.9,31,4.2,304,2680,24.9133333333333,78.8,83.3,2113.4,82.8,1123.3,631,2.2,166,62.1,47.7,30.6,47.8,89.7857142857143,350147,37960,41.9,2.5,0.507404033163214
3460,Vechta,5.9,14.5,3.9,215,2675,34.2366666666667,79.1,83.1,2137.3,80.3,1009,792,6.1,168,47.7,66.1,26.7,49.6,95.71,132294,11731,39.1,2.7,0.500272121184634
3461,Wesermarsch,3.8,36.9,7.5,250,3264,25.5883333333333,76.7,81.2,2510.6,82.8,920.1,696,0.8,108,58.6,24.6,35.2,50,92.9444444444444,90035,11381,43.8,2.2,0.503604153940134
3462,Wittmund,4.7,27.1,7.2,136,2483,31.6916666666667,76.7,81.3,1894.7,82.6,801.4,557,2.9,86,60.1,29,24.3,52,91.1166666666667,56839,7375,43.6,2.3,0.513467865374127
4011,KS Bremen,5.9,30.4,10.6,763,3331,2.12083333333333,77.6,82.7,2651.9,31.8,2878.3,756,5.9,1695,62.7,73.7,29.7,41.3,77.4,542707,62522,43.2,2,0.514688404608748
4012,KS Bremerhaven,5.9,64.1,15.4,245,3041,2.49833333333333,74.4,81.2,2558,24.1,2499.6,590,8,1174,49,97.3,20.6,43.2,73.4,108156,13675,43.8,1.9,0.51255593771959
5111,KS Düsseldorf,5.8,28.8,9,1884,3690,1.88833333333333,78.6,82.9,3321.5,32.3,4627.2,1250,7.1,2781,62.7,84.8,28.3,41,50.1,586291,63857,42.9,1.9,0.519885176473799
5112,KS Duisburg,7,53.9,13,1710,3326,1.295,76.5,81.5,2808,27.8,3354.1,546,1.4,2085,52.5,93.1,25.7,38.8,60.3,488468,56029,43.2,2.1,0.513110377752483
5113,KS Essen,6.8,44.4,12.3,2023,3304,1.24333333333333,76.9,82,2819.9,29.5,4034.8,710,8.3,2728,55.1,98.1,35.9,40.5,54.9,566201,66988,44.1,1.9,0.521842949765189
5114,KS Krefeld,6.4,47.7,11,1401,3352,1.33,77.4,82,2824.7,40.9,2899.3,728,3.3,1615,68.3,90.6,22.2,43.7,72.4,222247,26688,43.7,2,0.519665057346106
5116,KS Mönchengladbach,6.8,46.7,11.4,1087,2950,1.27833333333333,76.8,81.9,2451.2,49.3,3057.7,690,4.4,1507,63.5,84.6,23.1,43.6,74.4,255188,29729,43.3,2.1,0.51502029876013
5117,KS Mülheim a.d.Ruhr,3.9,37.7,8.1,1834,3373,6.925,77.8,82.2,2825.4,42.1,3289.7,741,4.7,1831,53.3,53.9,32.2,44.3,65.1,166865,21482,45.3,2,0.525574566266143
5119,KS Oberhausen,5.6,41,11.8,1626,3145,6.115,76.2,81.4,2506.6,22,3574.5,577,2.8,2715,51.1,69.8,25.5,40.2,62.5,210215,24735,43.9,2,0.514363865566206
5120,KS Remscheid,5.1,63.6,9.1,1274,3177,9.67916666666667,76.9,81.8,2706.5,54.1,3313.9,762,-1,1463,61.5,96,23.1,43.3,68.3,110708,13584,43.9,2.1,0.513946598258482
5122,KS Solingen,5.3,51,8.8,1605,2938,14.25,78.2,81.8,2450.8,49.9,3600.8,727,6,1751,60,73,30,42.4,69.5,155265,18096,43.5,2.1,0.521263646024539
5124,KS Wuppertal,5.9,56.9,11.4,1659,3191,1.445,77.2,82.2,2644.9,48.4,4175.2,690,4.9,2051,58.8,59.9,31.1,42.9,58.8,342661,39714,43.4,2,0.519125316274686
5154,Kleve,5.6,25.5,6.1,587,2748,41.4283333333333,78.1,82.6,2129.8,78.8,1487.6,616,5.8,247,50.2,58.9,25.2,47,92.29375,300990,33522,42.5,2.3,0.507488620884415
5158,Mettmann,4.6,30.6,6.9,1709,3291,8.86166666666667,78.7,82.9,2931.7,57,2939.5,1128,3.1,1173,56.9,49.8,30.8,44.5,77.85,477777,61133,44.6,2.1,0.520186195651946
5162,Neuss,3.9,25.3,6.3,1345,3263,10.6433333333333,79,83.1,2885.5,61,2471.6,852,4.9,768,56,46.5,23.1,44.7,86.5625,437393,51511,43.5,2.2,0.516315990425087
5166,Viersen,4.5,29.7,7.2,914,2882,11.39,78.7,82.2,2352,71.9,2039.3,695,2.3,524,54.2,48.4,22.2,45.8,89.9,296176,34329,43.3,2.3,0.515274701528821
5170,Wesel,4.6,26.9,7.4,863,2894,26.2033333333333,78.1,83,2262.8,71.5,1921.5,632,1.9,439,49.9,54.9,23.4,43.7,86.8846153846154,460420,55892,44,2.2,0.51520568176882
5314,KS Bonn,3.9,27.3,7,984,3621,1.42916666666667,79.6,84.3,3073.2,44.4,4396.3,881,5.9,2226,68.8,131.1,32,42.6,68.4,305765,29767,41.2,2,0.527558746095858
5315,KS Köln,5,24.6,9.7,1905,3506,1.52333333333333,78.4,82.7,3036.7,33.7,4237.6,919,8.6,2584,64.1,69.8,26.8,39,59.6,1005775,101182,41.3,1.9,0.515112226889712
5316,KS Leverkusen,3.7,27.6,8.1,1596,3951,12.7533333333333,78.8,83.3,3334.5,35.6,3434.3,742,5.8,2048,62.5,67.8,25,41,71.9,158984,19408,43.7,2.1,0.517423136919438
5334,Städteregion Aachen,4.5,31,8.9,625,3158,12.3383333333333,78.6,82.8,2525.4,69.9,2831.3,686,4.9,775,63.7,73.5,23.5,42.4,85.02,539515,59167,42.2,2,0.50386550883664
5358,Düren,4.2,35.1,8,672,3110,23.84,77.8,82.5,2312.2,77.3,1677.4,631,3,275,63.7,70.3,23,46.7,92.4133333333333,258761,29978,42.9,2.3,0.508720402224447
5362,Erftkreis,4.8,29.3,7.7,1053,3074,15.2958333333333,78.7,82.6,2612.3,65.9,2399.5,741,5.9,652,55.7,30.3,24.9,44.9,86.63,451515,52338,43,2.2,0.514820105644331
5366,Euskirchen,4,36.1,6.4,369,2914,43.2666666666667,77.6,82.2,2304.9,85,1118.3,615,3.6,151,60.6,58.1,27.2,49.3,93.8909090909091,187939,21831,43.1,2.3,0.508814030084229
5370,Heinsberg,5.5,33.6,7.5,765,2779,22.7666666666667,78.1,82.3,2105,75,1712,568,3.7,397,57.8,39.9,25,48.1,94,248161,27600,42.6,2.4,0.509544207188075
5374,Oberbergischer Kreis,4,45.2,6.3,704,3142,29.635,78,82.5,2515.7,78,1490.7,734,0.1,295,51.7,58.1,28.2,46.7,88.8846153846154,273011,30892,42.6,2.3,0.513389570383611
5378,Rheinisch-Bergischer Kreis,3.7,32.2,6.4,1219,3040,16.5008333333333,79.8,83.4,2355.9,73.4,2605.8,715,3.6,639,57.2,41.9,26.4,47.9,87.25,278182,34573,44,2.2,0.516963714402801
5382,Rhein-Sieg-Kreis,4.7,27.6,5.8,764,2914,18.0458333333333,79.5,83.6,2277.5,73.7,2158.1,687,4.6,508,56.5,25.9,25,47.3,89.7473684210526,578252,66790,42.6,2.3,0.514012921701957
5512,KS Bottrop,5.2,32.3,8.6,1686,3064,13.5316666666667,76.8,81.8,2333.6,52,2628.8,529,1.5,1153,51.7,60.7,27.3,41.2,71.6,117311,13108,43.8,2.1,0.517675239321121
5513,KS Gelsenkirchen,9.3,66.3,14.4,1692,3074,10.4566666666667,75.8,80.7,2548.2,22.2,3296.4,455,2.9,2455,53.6,68,25.7,38.8,51.5,258766,29514,43.3,2,0.510623497677438
5515,KS Münster (Westf.),4.4,21.2,6,639,3241,1.83166666666667,80.1,84.4,2719.3,63.5,2976.1,887,16.1,996,65.2,123,35.7,43.5,72.9,289576,25684,40.5,2,0.523472249081416
5554,Borken,4.8,19.3,4.4,475,2940,42.4366666666667,78.4,83.3,2239,81,1505.5,683,0.7,257,54.2,52.5,24.6,44.6,92.7823529411765,363754,36529,40.7,2.5,0.504599262138698
5558,Coesfeld,3.4,22.3,3.4,575,2825,21.8266666666667,79.1,83.3,2165.9,84.2,1410.8,640,1.4,194,59.3,39.6,34.6,46.1,91.6090909090909,215269,22702,42,2.4,0.51088173401651
5562,Recklinghausen,6,38.4,11,1094,2995,21.3483333333333,77.3,82.4,2412.8,63.2,2466,562,1.3,806,52.2,80.7,26.4,43.4,76.64,619382,73841,44.1,2.1,0.515620408729992
5566,Steinfurt,4.6,25.1,4.8,367,2839,22.7458333333333,79,83.7,2247.3,80,1364.5,612,2.2,243,62.7,52.3,28.9,46,93.1208333333333,433660,45811,41.6,2.5,0.507429783701517
5570,Warendorf,3.4,29.4,5.8,462,3043,25.05,78.8,83.8,2404.8,83.3,1433,678,1.2,207,57.8,56,29.6,45.8,89.8461538461538,273477,30488,42.3,2.4,0.510872943611346
5711,KS Bielefeld,4.5,31.9,9.6,719,3137,1.20166666666667,78.7,83.5,2578,56.4,2986.7,690,2.9,1274,54.6,120.3,27,41.4,70.2,326870,35245,42.1,2.1,0.518735277021446
5754,Gütersloh,4.1,28.7,5.2,492,3041,18.4375,79,83.6,2587.1,75.9,1683,921,3.8,366,49.4,34.9,22.9,44.9,87.1615384615385,350419,37069,41.6,2.4,0.506388066857105
5758,Herford,4.3,46.8,6.4,498,2885,17.935,78,83.4,2425.6,68.4,1834.5,694,1.2,553,49,44.1,29.6,46.4,89.0444444444444,250704,29113,43.4,2.3,0.514403439913204
5762,Höxter,4.7,46.6,5.6,219,2769,29.1025,77.6,82.4,2145.3,88.1,1126.9,533,-1.6,119,62.3,64.7,25.1,49.2,91.77,145679,16931,43.1,2.4,0.506641314122145
5766,Lippe,4.8,48.3,7.7,392,2996,26.1808333333333,78.6,83.5,2407.2,81.9,1642.7,646,-0.4,277,52.2,47.3,35.3,46.7,87.26875,348681,41431,43.2,2.3,0.51584112699
5770,Minden-Lübbecke,5.2,43.3,6.2,328,2908,41.725,78.3,83,2442.7,76.4,1349.3,676,0.4,268,58.5,76.7,34.1,47.5,90.7727272727273,312169,36264,43.2,2.4,0.512558902389411
5774,Paderborn,3.9,28.7,6.6,325,2919,11.1483333333333,79.3,83.6,2382.6,82.7,1532.9,640,3.2,240,57.2,59.1,29,45.3,89.12,294602,27885,40.5,2.3,0.505305462963592
5911,KS Bochum,5.5,37.2,10.1,1805,3168,1.08166666666667,77.3,82.2,2560.4,28.1,3524.6,625,2.9,2484,55.5,98.4,27,41.2,57.5,362286,42377,44.2,1.9,0.51989036286249
5913,KS Dortmund,7,39.7,13,1532,3181,1.26666666666667,76.7,82,2570.1,38.1,3405.3,632,6.3,2068,49.6,67.7,30.9,40.5,61.7,571143,63254,43.1,2,0.514527885310684
5914,KS Hagen,5,69.5,10.6,1188,3151,1.925,76.5,81.3,2616.6,61.3,3318,623,2.1,1164,58.9,92.8,25.9,42.7,60.2,187944,23189,44.2,2,0.518138381645597
5915,KS Hamm,5.6,39.8,10.4,716,2903,25.2716666666667,77.1,81.9,2348.8,63.8,2379.4,532,3.2,780,52.1,99.3,32.5,40.8,78.6,176037,19958,42.6,2.2,0.514107829604004
5916,KS Herne,6.6,53.7,13.2,1621,3132,6.81666666666667,75.3,81.1,2611.2,19.9,3870.9,486,4.6,3007,51.7,105.1,27.2,40.3,56.2,155160,18390,44.2,2,0.519141531322506
5954,Ennepe-Ruhr-Kreis,4.4,46.8,7.6,1421,3130,9.47,77.8,81.8,2542,68.9,2746.9,749,2.4,791,52.6,58.7,33.2,44.7,72.7222222222222,326050,41242,44.9,2.1,0.518058579972397
5958,Hochsauerlandkreis,5,47.3,5.3,267,3017,50.7783333333333,78.2,83.1,2325.3,86.5,1099.5,674,-1.8,133,55.1,80.1,27.9,49,88.5583333333333,266511,31080,43.2,2.3,0.506710792425078
5962,Märkischer Kreis,7,52.7,7.2,689,3125,26.08,77.4,82.4,2605.5,81.2,2293,751,-3.6,390,55.1,70.8,31.5,44.5,80.68,423818,49097,43.1,2.2,0.512297731573458
5966,Olpe,5.3,34.7,4.7,365,3115,36.4275,78.3,82.3,2454.1,83.2,1281,836,-1.4,189,57.1,61.7,25.4,47.7,89.6285714285714,136490,14629,42,2.4,0.502915964539527
5970,Siegen,3.5,37.6,6,292,3250,22.03,77.8,82.6,2649.1,83.2,1529,813,1.9,244,58.4,76.4,22.9,47.1,91.2181818181818,276834,32346,43.1,2.3,0.51051171460153
5974,Soest,4.3,34.1,6.6,394,2986,31.1233333333333,77.5,82.5,2370.1,82.1,1456.3,665,3,223,58,68.9,36.7,47.2,89.3428571428571,296875,33303,42.8,2.3,0.510578526315789
5978,Unna,5.8,33.9,9.5,926,2827,14.6333333333333,77.3,82.4,2382.2,66.3,2266.8,620,0.8,721,53.6,68.5,25.9,43.7,81.78,396060,46760,43.9,2.2,0.51571479068828
6411,KS Darmstadt,3.2,24.6,6.4,886,3914,2.49666666666667,78.8,82.6,3057.3,63.4,3556.3,1003,16.9,1244,62.5,97.6,31.2,39.8,67.1,143499,14179,41.2,2,0.503041833044133
6412,KS Frankfurt am Main,5,26.5,7.5,1440,3956,2.105,79.2,83.8,3486.5,39.3,4961.9,1586,14.8,2890,60.3,84.2,21.6,36.9,50.4,667925,63753,40.8,2,0.510531871093311
6413,KS Offenbach am Main,8,33.2,11,1111,3426,2.05833333333333,78.1,82.2,2944.8,47.5,5499.5,709,12.2,2695,57,92.7,22.3,35.5,57.2,113443,11866,41.1,2.1,0.510511887026965
6414,KS Wiesbaden,6.6,31.1,7.5,916,3576,1.69666666666667,79.6,83.3,3029,57.2,3437.7,1032,5.6,1349,62.9,75.9,26.1,40.9,64.3,269121,29176,42.3,2.1,0.52484941717666
6431,Bergstraße,3.4,40.3,4.7,641,2884,21.2783333333333,78.3,82.8,2472.4,80.7,2262.2,770,5.7,367,55.3,39.3,26.7,47.9,88.0227272727273,260741,31576,43.8,2.3,0.51142321307351
6432,Darmstadt-Dieburg,5.5,35,4.9,697,2947,15.0766666666667,79.8,83.7,2506.8,79.3,2334.5,802,5.5,437,49.3,18.6,21.6,46.4,87.9695652173913,282601,32777,42.7,2.3,0.507765365303024
6433,Groß-Gerau,5.9,31.6,5.9,859,3548,14.6591666666667,78.9,83,3017.9,70,2465.6,785,9.8,576,51.4,39.6,24.5,42,83.4928571428571,251049,28579,42.2,2.3,0.507928731044537
6434,Hochtaunuskreis,3.2,32.5,4,739,3709,22.2,80.9,84,2949.2,79.7,2491.1,1142,6.9,479,57.6,48.8,31.5,48.6,86.8,226130,27824,43.7,2.2,0.521001194003449
6435,Main-Kinzig-Kreis,4.8,41.3,5.3,381,3015,26.4633333333333,79,83.4,2585,82.3,1839.4,768,6.1,292,56.9,41.5,24.2,46.1,87.8724137931035,400862,47282,43.2,2.3,0.512712604337652
6436,Main-Taunus-Kreis,3.6,25.1,4.4,1021,3892,7.76333333333333,80.5,84.3,3118.9,65.7,3217.4,1430,7,1034,55.7,29.3,21.8,46.1,82.725,224059,26773,43.1,2.2,0.515502613151
6437,Odenwaldkreis,5.4,54,5.8,440,2792,38.1616666666667,78.2,82.2,2360.5,88.5,1443,603,1.9,154,60.4,43.8,32.4,49,91.1533333333333,96613,12146,43.9,2.4,0.50889631830085
6438,Offenbach,3.9,28.7,5.8,948,3301,11.5733333333333,80.4,84.2,2850.2,67.6,3228.6,919,7.2,959,53,19.1,23.4,43.4,79.9615384615385,332328,39510,43.1,2.2,0.512752461423654
6439,Rheingau-Taunus-Kreis,5,40.5,4.4,529,3008,21.6783333333333,79.6,83.1,2397,84.6,1699.5,776,5.3,224,56,45.1,26.1,49.4,86.5941176470588,180226,22614,43.9,2.3,0.512678525850876
6440,Wetteraukreis,4.7,37.8,5.1,492,2992,24.005,79,82.9,2578.8,82.6,1746.9,726,6.3,270,55.2,42.1,26.1,47.6,89.124,292573,33938,43,2.3,0.510744327056837
6531,Gießen,4.1,38,7.1,346,3063,12.5066666666667,79.1,83.3,2508.6,79.9,1670.2,665,9,304,63.5,87.4,23.4,46.5,88.4388888888889,251238,27398,42,2.2,0.513373773075729
6532,Lahn-Dill-Kreis,4.7,38,6.2,344,3122,18.7716666666667,78.6,83,2600.3,81.5,1418.3,767,0.7,236,66.4,71,24.3,48.7,93.0782608695652,253441,29829,43.2,2.3,0.512300693257997
6533,Limburg-Weilburg,4.3,48.9,5.8,403,2816,27.8675,77.8,82.2,2478.2,80.3,1343.8,654,2.4,231,61,57.3,22.8,50.2,92.5315789473684,170696,19510,42.9,2.4,0.508406758213432
6534,Marburg-Biedenkopf,4.9,35,4.8,239,3130,14.965,78.3,83.3,2569.8,84.4,1377.8,804,1.6,191,62.1,67.1,22.7,47.2,91.8363636363636,241226,25748,41.7,2.3,0.512809564474808
6535,Vogelsbergkreis,4.3,53.5,5,189,2794,29.1516666666667,77.4,82.9,2354.8,88,704.7,580,-2,73,62.4,64.5,21.7,53.1,93.9894736842105,108510,14166,44.9,2.4,0.505234540595337
6611,KS Kassel,7.6,43.3,10.1,401,3245,1.5,77.5,82.9,2679.5,37,3032.7,825,5.9,1824,69.8,132.9,22.4,41,64.4,190765,20285,42.4,1.9,0.520415170497733
6631,Fulda,3.9,48.5,3.9,168,2772,16.8758333333333,79.2,83.9,2544.1,83.7,1121.2,652,2.8,157,66.3,66.8,25.7,48.5,89.0869565217391,216179,24308,42.4,2.3,0.510632392600576
6632,Hersfeld-Rotenburg,3.6,52.2,5.2,156,2716,40.4983333333333,77.9,82.7,2671.9,86.3,898.8,667,1.4,109,68.7,81.8,21.4,50.4,93.65,120694,15772,44.8,2.4,0.508674830563243
6633,Kassel,3.8,32,5.1,252,3300,19.5133333333333,78.4,82.8,2783.9,84.4,1295.4,728,3,181,60.8,40.7,28.6,49.9,91.1103448275862,234933,31353,45,2.3,0.514095508081027
6634,Schwalm-Eder-Kreis,5.9,51.5,5.2,191,2847,31.105,77.6,82,2605.9,84.5,961.5,555,1.1,117,60.2,35.8,26.2,51.1,92.6333333333333,181850,23036,44.2,2.4,0.504729172394831
6635,Waldeck-Frankenberg,6.2,46.9,5.2,172,2890,35.9583333333333,78.2,82.7,2505.4,87.8,847.1,628,-0.1,85,63.9,103,30.7,51.3,91.8454545454545,158990,19748,44,2.3,0.508182904585194
6636,Werra-Meißner-Kreis,5.6,66.1,6.8,186,2688,41.8175,76.7,82,2281,86.1,858.5,501,1.4,98,68.9,59.6,23.2,51.2,92.86875,102124,14032,45.8,2.3,0.513747992636403
7111,KS Koblenz,5.9,39.5,6.9,429,3171,2.19833333333333,77.9,82.4,2715.9,57.3,2905.5,959,11.1,1060,63.7,157.1,40.6,44.7,67,107825,12692,43.7,2,0.520964525852075
7131,Ahrweiler,3.5,48,4.2,372,2753,32.24,79,82.8,2152.7,84.3,1179.1,584,5.6,161,53.7,71.9,28.7,52.2,89.1375,125885,16258,44.9,2.2,0.513071454104937
7132,Altenkirchen (Westerwald),4.7,48.9,5.6,398,2854,31.92,77.3,81.8,2151.5,83.1,1270.4,559,-1.1,200,64.7,30,27.1,51.1,93.6125,130570,15453,43.3,2.4,0.507827219116183
7133,Bad Kreuznach,4.9,46.6,6.9,266,2941,41.5266666666667,77.8,82.4,2277.2,84.4,1291.8,574,4.2,181,60.3,61.5,24.8,50.8,92.39,155599,18867,44,2.3,0.516307945423814
7134,Birkenfeld,5,65.8,6.6,198,2714,49.3883333333333,76.8,80.7,2156.4,87.8,930.8,533,-1.3,104,67,83.3,33.2,55.8,91.58,82778,10653,44.9,2.3,0.509362390973447
7135,Cochem-Zell,7.3,58.6,3.9,180,2707,42.4183333333333,76.8,81.3,2071.8,86.6,788.2,515,1.2,90,51.6,71.7,28.2,56.5,93.575,64187,8304,44.6,2.4,0.502656301120165
7137,Mayen-Koblenz,5.8,45.9,5.1,318,2794,20.105,78.4,82.8,2212.2,79.7,1520.5,659,2.7,258,56.1,46.8,24.3,51.3,87.63,210308,24847,43.5,2.3,0.510456092968408
7138,Neuwied,7.6,46.7,5.9,457,2945,29.3833333333333,77.8,82.1,2361.9,78.8,1548.2,673,1.8,286,57.4,84.3,29.1,50.5,90.8444444444444,180672,21723,43.6,2.3,0.511733970952887
7140,Rhein-Hunsrück-Kreis,5,52.5,4.6,219,2830,39.1466666666667,78.4,82.3,2232,87,857.8,618,0,103,56.9,43.6,25.9,55.2,91.3428571428571,102322,12254,43.7,2.4,0.507554582592209
7141,Rhein-Lahn-Kreis,6.1,56.3,4.3,353,2839,30.5483333333333,77.5,82.2,2210.5,85.4,1285.7,585,0.5,155,61.7,82.9,30.1,52.4,88.0875,123203,15750,44.4,2.3,0.508745728594271
7143,Westerwaldkreis,6.4,43.8,4.2,349,2810,30.6133333333333,77.9,82.8,2244.2,80.9,1228.5,651,1.5,201,56.7,26.8,29.5,53.1,93.04,200059,22762,42.7,2.4,0.506330632463423
7211,KS Trier,5.2,33.9,5.8,284,2992,1.8225,77.9,82.5,2358.3,64.6,2938.7,633,7.1,926,64.5,156.2,38.1,43.7,68.1,105671,10037,41,1.9,0.52324668073549
7231,Bernkastel-Wittlich,6.9,51.1,3.7,163,2759,33.97,78.5,83.2,2210.6,87,849,614,2.4,95,59.5,44.7,26.8,55.6,92.5666666666667,112320,13641,43.9,2.4,0.505546652421652
7232,Eifelkreis Bitburg-Prüm,4.1,47.1,3.2,129,2901,48.2966666666667,77.5,82.3,2245.4,89.5,612.5,504,4.6,59,50.8,69.4,21.9,58.3,93.2,95774,10922,42.9,2.4,0.504051203875791
7233,Vulkaneifel,5.3,48.6,4.6,151,2743,52.125,78.2,81.8,2150.6,87.6,600.6,556,-0.8,67,59.2,34.4,27.2,57.5,94.78,61947,7993,44.3,2.4,0.50522220607939
7235,Trier-Saarburg,6.7,38.3,3.5,235,2729,18.8991666666667,78.9,83.6,1856.2,85.9,1048,450,5.5,132,53,25.5,31.6,54.6,92.9571428571428,142228,15687,42.8,2.4,0.508669179064601
7311,"Frankenthal (Pfalz), kreisfreie Stadt",4.1,30.1,7.1,752,3445,5.51083333333333,77.1,81.7,3035.8,61.3,2996,676,9.3,1091,58.7,66,36.4,44,80,46415,5659,44,2.2,0.518065280620489
7312,"Kaiserslautern, kreisfreie Stadt",5.7,51.7,10.5,338,3240,2.125,76.4,81.2,2531.2,71.2,2490.1,690,5.8,697,63.7,121.5,41.4,48.1,73.4,96341,10370,42.5,1.9,0.504852554986973
7313,"Landau in der Pfalz, kreisfreie Stadt",5.4,41.5,5.1,430,2841,25.325,77,81.6,2312.1,75.4,2262.5,726,9.6,536,67.5,189.8,29.7,47.6,80.9,43361,4334,42.3,2.1,0.52830884896566
7314,KS Ludwigshafen am Rhein,9.7,45.8,9.4,862,4330,1.50833333333333,77.7,82.6,3630,33.1,3454.1,1117,9.7,2113,61,123.4,30.3,40.9,73,157584,17700,42.2,2.1,0.509626611838765
7315,KS Mainz,2,21.8,6.1,870,3410,1.67416666666667,79.5,83.5,2831.7,44.8,4206.2,825,8.4,2118,59.9,108.5,34.7,41.3,71.6,200344,19973,40.9,2,0.519576328714611
7316,"Neustadt an der Weinstraße, kreisfreie Stadt",7,43.8,6,504,2745,20.5983333333333,78.2,81.4,2205.5,79.4,2295.2,669,5.2,449,70.4,80.3,25.2,50.5,83,52164,6488,44.9,2.1,0.519074457480255
7317,"Pirmasens, kreisfreie Stadt",5.1,69.8,13.3,270,2876,33.7925,73.6,77.7,2274.5,67,2022.5,626,2.6,653,72.4,103.1,33.6,50.8,73.8,40887,5278,46,2,0.520850147968792
7318,"Speyer, kreisfreie Stadt",4.1,30.1,6.5,696,3176,16.4383333333333,76.7,80.7,2579.4,42.7,2632,880,4.5,1170,62.2,126.6,48.2,44.6,74.5,49540,5714,43.6,2.1,0.520750908356883
7319,"Worms, kreisfreie Stadt",4.5,40.5,8.2,644,2966,16.9066666666667,77.7,81.7,2411,65,2493.9,683,6.7,745,59.3,80.7,33.5,44.9,80.8,79207,8914,42.7,2.1,0.519108159632356
7320,"Zweibrücken, kreisfreie Stadt",5.1,69.8,7.8,341,3188,29.375,75.4,79.9,2566,70.5,1707.7,729,2.7,482,47,64.4,27.3,50.5,84,34200,4102,44.3,2.1,0.509736842105263
7331,Alzey-Worms,4.5,40.5,4.6,512,2800,22.8583333333333,78.5,82.5,2251.7,82.9,1415.6,603,3.4,214,58.7,49.3,23.1,50.8,93.4142857142857,125113,13579,42.4,2.5,0.504871596077146
7332,Bad Dürkheim,7,43.8,4.2,481,2797,19.4041666666667,78.3,82.5,2105.6,86.3,1708.4,641,5.4,221,52.5,38.7,33.3,53.2,91.8555555555556,131085,16977,44.9,2.3,0.513414959758935
7333,Donnersbergkreis,6.1,53.9,5.5,336,3197,28.8383333333333,76.2,81.1,2348.9,88.1,1072,631,-0.1,116,56,23.7,34.6,53.1,93.5166666666667,76030,8703,43.1,2.4,0.507286597395765
7334,Germersheim,5.1,30.5,4.6,497,3623,18.7783333333333,78.4,82.9,2867.6,78.5,1711,682,5.2,273,54.6,25.3,25.3,48.8,90.5,123913,13346,42,2.4,0.505830703800247
7335,Kreis Kaiserslautern,5.7,51.7,5.6,296,2736,12.875,78.2,82.8,2024.6,84.5,1110.8,542,-0.3,163,59.5,53.2,22.9,66.8,92.4857142857143,105283,12150,43.3,2.4,0.511222134627623
7336,Kusel,5.4,64,5.2,255,2716,26.8816666666667,76.3,81.1,1983.7,86.7,1013.3,450,-2,124,62.1,0,24.9,60.5,95.1833333333333,72783,9133,44.7,2.4,0.506643034774604
7337,Südliche Weinstraße,5.4,41.5,4.1,388,2779,30.6383333333333,78.9,83.2,2195.4,86.8,1392.9,599,5.7,172,62,62.5,20.8,53.4,93.1833333333333,108244,13211,44,2.4,0.50998669672222
7338,Ludwigshafen,4.1,30.1,3.7,697,2695,10.7016666666667,79.4,83.5,2088.8,71.5,2216.4,663,8,492,52,0,25.3,51,91.75,146868,18484,44.2,2.4,0.511472887218455
7339,Mainz-Bingen,4.6,36.7,4.3,551,3158,18.5183333333333,79.9,83.7,2733.9,77.7,1809.7,1126,5.7,338,58.7,17,28.5,50.6,87.74,200672,22343,42.6,2.3,0.510803699569447
7340,Südwestpfalz,5.1,69.8,4.9,267,2478,36.8466666666667,78.3,82.3,1938.1,89.5,1025.8,531,-0.8,101,60.2,23.6,18.3,57.8,94.5285714285714,98426,12948,45.2,2.4,0.507548818401642
8111,KS Stuttgart,4.9,37.7,5.8,1336,4055,1.38833333333333,80.3,84.5,3359.5,46.9,5728.9,1140,10.4,2954,57.5,84.7,36.7,37.4,50.2,585890,60832,41.4,2,0.510001877485535
8115,Böblingen,4.2,38.6,3.8,745,4287,16.8483333333333,81.2,84.5,3360.5,76.1,2676.2,1103,6.5,606,55.8,29.4,29.9,43.9,83.56875,363949,40840,42,2.3,0.50896966333195
8116,Esslingen,3.9,39.5,3.9,792,3544,18.6933333333333,80.6,84.4,2884.3,73.6,3260.1,927,7,806,53.2,38.8,29.1,42.8,81.2722222222222,502893,57922,42.4,2.2,0.510390878377707
8117,Göppingen,4.6,51.6,4.5,483,3234,37.5583333333333,79.7,83.9,2649.7,82.3,2354.5,788,4.6,389,53.6,53.1,28.2,43.7,87.175,247407,29389,43.1,2.3,0.509844103036697
8118,Ludwigsburg,4.5,38,4,828,3455,18.7608333333333,80.3,84.8,2915.1,73.3,3152.7,958,7.7,766,51.3,33.3,31.1,42.6,79.585,509871,57140,42.1,2.2,0.509442584496863
8119,Rems-Murr-Kreis,4.8,40.9,4.1,655,3242,32.275,79.8,84.6,2615.2,81.2,2730.9,851,5.4,483,54.1,31.8,31.5,43,81.05,406874,46538,42.7,2.3,0.510966540009929
8121,KS Heilbronn,4.2,43.1,6.5,602,3175,1.8675,78.1,83.1,2252.1,61.6,3365.6,975,9.9,1200,55.1,90.9,34.9,40.1,71,116059,13160,42.4,2.2,0.509723502701212
8125,Heilbronn,4.4,39.3,3.8,498,3501,16.7566666666667,79.5,83.5,3008.3,80.9,1715.6,1001,5.6,299,56.8,38,29.5,46.2,89.6578947368421,322813,34188,41.7,2.4,0.505878016065028
8126,Hohenlohekreis,4.3,46.5,3.1,267,3319,38.2283333333333,78.6,83.4,2803.2,85.1,1071.1,913,4.8,140,54.2,26,35.2,46.1,90.5142857142857,107280,11471,41.6,2.5,0.501239746457867
8127,Schwäbisch Hall,4.6,49,3.5,234,3110,43.25,79.2,83.8,2517.8,86.7,1087.4,789,4.3,127,64.6,36.4,29.9,45.9,91.3833333333333,186353,19260,41.5,2.4,0.504612214453215
8128,Main-Tauber-Kreis,3.5,56.7,3.6,189,3013,35.8166666666667,78.6,83.8,2411.5,87.3,920.5,745,2.5,100,63.7,86.7,28.9,50,91.3272727272727,130625,15775,43.5,2.4,0.508103349282297
8135,Heidenheim,4.3,51.7,5.2,274,3407,34.5916666666667,78.5,83.6,2779.5,86.3,1632.2,768,4.5,206,63.6,41.7,31.9,45.1,91.975,127817,15420,43.4,2.3,0.508993326396332
8136,Ostalbkreis,4.6,48.7,3.9,282,3437,48.35,79.3,83.7,2733.8,86.1,1581.1,825,2.7,204,58.7,34.2,33.1,45.2,90.7428571428571,306529,33725,42,2.4,0.507870380942749
8211,Baden-Baden,5.3,43.1,5.9,419,3142,28.5483333333333,77.3,80.8,2611.4,83.8,2586.5,1044,11.7,380,80.6,138.5,42,51.5,70.6,52315,7409,46.9,2,0.534550320175858
8212,KS Karlsruhe,6.5,38,5.8,746,3495,1.91166666666667,79.2,83.7,2906.4,48.8,3716.5,977,9.3,1730,56.3,91.9,37.3,41.4,62.3,289173,29983,41.8,2,0.504078873200472
8215,Karlsruhe,4.2,23.5,3.4,608,3124,17.8966666666667,79.8,83.8,2636.7,78.5,2205.2,807,5.8,398,52.4,23.6,28.6,47.8,87.8,424121,48579,42.9,2.3,0.509647011112395
8216,Rastatt,5.3,43.1,3.7,420,3566,28.095,78.8,84.2,2904,81.6,2145.8,863,4.9,304,51.6,25.7,23.8,46.9,85.65,222324,25839,43.3,2.3,0.509985426674583
8221,KS Heidelberg,2.1,33.5,5.5,733,3457,2.53666666666667,80.6,84.5,2761,67,4712.6,822,12.6,1422,63.3,194.4,28.7,38,58.8,146751,13098,39.9,2,0.528010030596044
8222,KS Mannheim,6.5,42.8,6.5,944,3653,1.81333333333333,77.7,82.7,3004.8,36.3,3556.3,1035,9.2,2069,67.4,84.7,29.3,41,60.4,290117,31687,42,2,0.511452276150656
8225,Neckar-Odenwald-Kreis,6.9,55.4,4.2,288,2983,40.3508333333333,78,82.8,2356.5,88,1176.9,658,0.5,126,55.8,36.6,27.6,49.3,93.0636363636364,142810,16562,42.9,2.4,0.504075344863805
8226,Rhein-Neckar-Kreis,5,39.6,4.2,618,3352,17.5233333333333,79.8,83.9,2685.7,77.7,2559.1,1015,6.2,504,60.2,27.8,26.2,48.2,82.1379310344828,524039,61149,43,2.2,0.513927398533315
8231,KS Pforzheim,5.9,42.3,8.1,662,3063,2.55333333333333,78.3,83.2,2545.2,68.1,3924.5,880,11.9,1217,63.7,98.8,33.3,40.8,67.1,114411,12771,42.9,2.1,0.518490354948388
8235,Calw,4.5,65.4,4.1,462,3000,27.2616666666667,79.8,84,2460.2,87.7,1707.5,725,3.8,192,55.6,79.3,32.2,46.1,84.63,151049,17243,42.5,2.4,0.507616733642725
8236,Enzkreis,3.5,51.2,3,632,3117,13.2216666666667,80.7,84.1,2619.9,82.5,2095.9,820,4.5,338,55.7,16.2,25.7,47.2,89.52,191353,21858,42.7,2.4,0.50915846629005
8237,Freudenstadt,5,61.6,4,296,3188,47.4466666666667,79.2,82.7,2547.6,89,1364,810,-0.6,132,55.6,39.6,37.2,46,85.3857142857143,115973,12641,42.2,2.4,0.509299578350133
8311,KS Freiburg im Breisgau,5.2,22.6,6.1,499,3267,2.6575,79.5,84,2532.7,66.3,4546.7,800,12.3,1452,90,101.3,35.6,38,56.6,209629,18198,39.9,2,0.52914434548655
8315,Breisgau-Hochschwarzwald,3.4,32.3,3.5,328,2899,22.0633333333333,80.6,85.1,2340.6,87.3,1762.4,709,7.8,183,67.7,51.3,28.8,45.4,81.02,247279,28799,42.7,2.3,0.514402759635877
8316,Emmendingen,5.8,32.2,3.3,328,2997,21.9283333333333,79.9,83.9,2386.1,86.2,2120.9,698,6.5,235,64.5,62.4,25.1,45,80.8333333333333,156453,17291,42.4,2.4,0.510134033863205
8317,Ortenaukreis,4,37.4,3.8,358,3028,24.9333333333333,79.6,83.9,2480.1,85.2,1899,794,4.8,223,62.3,54.5,32.3,45.7,85.1619047619048,410202,45472,42.5,2.3,0.509246663838792
8325,Rottweil,4.9,61.1,3.3,274,3182,29.9316666666667,79,83.7,2628.3,85.6,1368.7,927,0.3,177,55.9,61.1,28.8,47.8,90.5625,136478,15694,42.5,2.4,0.507481059218336
8326,Schwarzwald-Baar-Kreis,5.1,52.5,4,274,3064,16.11,79.7,83.7,2541.4,87.3,1740.1,812,4.5,201,61.6,60.3,34.5,45.3,81.9444444444444,203967,24782,43.4,2.2,0.511842601989538
8327,Tuttlingen,4.7,50,3.3,266,3284,27.9166666666667,79,83.3,2762.6,87.1,1561.8,982,5.1,183,50.5,27,28.4,45.8,89.95,132213,14669,41.8,2.4,0.505510048179831
8335,Konstanz,4,32.7,4.5,331,3064,28.7116666666667,79.7,83.7,2471.3,82.7,2171.5,773,10,337,64.2,59.4,33.3,44.5,82,266965,30657,42.6,2.1,0.518764632067874
8336,Lörrach,4.9,31.6,3.9,433,3191,17.4566666666667,79.6,84,2506,85.7,2167.8,807,6.6,277,59.9,37.1,30.1,45.1,82.4714285714286,219003,24457,42.4,2.2,0.513476984333548
8337,Waldshut,4.7,47.5,3.3,356,2950,47.9916666666667,79.5,83.9,2345.2,88.1,1426,746,5.3,146,54.5,39.9,31.7,47.7,83.9928571428571,163136,18890,42.5,2.3,0.509973273832876
8415,Reutlingen,4.2,43.4,4.1,416,3301,26.5083333333333,80.1,84.6,2640.7,85.8,1931.5,834,4.8,254,61.9,40.9,28.2,43.9,89.3266666666667,273353,30612,42.4,2.3,0.51203754851785
8416,Tübingen,4.6,41.1,3.7,550,3248,9.21833333333333,80.3,84.8,2507.3,80.4,2338.2,747,5.7,421,59.1,87.3,30.8,42.6,86.725,211952,19545,39.9,2.4,0.515555408771797
8417,Zollernalbkreis,4.3,56.3,4.5,314,3066,35.4166666666667,79.2,84.2,2537.9,85.2,1506,787,3.2,203,58,31,24.8,48,93.75,185559,21785,43.3,2.3,0.510031849708179
8421,KS Ulm,4.6,29.1,4.9,381,3439,1.68333333333333,79.6,83.7,2818.3,63.1,3145.2,1075,7.3,1017,76.2,125.4,34.1,41,71.9,116761,12305,41.3,2.1,0.512268651347625
8425,Alb-Donau-Kreis,4.1,43.9,3.1,311,3099,21.3133333333333,79.4,84.2,2541,86.7,1213.6,835,4,139,61.3,22.1,26.4,46.6,91.4230769230769,186192,19841,41.3,2.5,0.502599467216637
8426,Biberach,4.3,43.3,2.8,230,3467,27.23,79.1,84.1,2798.7,86.6,1158.4,985,4,135,60.9,46.2,28.3,48,93.08,187444,19528,41,2.5,0.503478372207166
8435,Bodenseekreis,5.3,31.9,3.1,325,3672,13.235,80.6,84.4,2950.2,83.5,2126.4,900,8.4,315,66.9,35.4,28.2,45.8,80.7125,204083,24934,43.1,2.2,0.511419373490198
8436,Ravensburg,5.1,35.4,3,244,3062,17.2583333333333,79.6,84.2,2398.6,87.7,1594.4,752,6,169,61,64,30.3,43.8,88.4142857142857,269595,29173,41.5,2.4,0.50925276804095
8437,Sigmaringen,6.2,47.6,4,233,3128,44.9516666666667,78.6,83.1,2491.1,88.3,1070.6,741,1.4,106,60.3,54,26.3,47.1,91.4,127600,13806,41.8,2.4,0.50564263322884
9161,KS Ingolstadt,5.1,23.6,3.8,322,4425,1.92666666666667,79.5,84.1,3701.1,55.9,2691.1,1359,11.1,982,64.1,97.5,35.9,41.7,81.1,124927,13330,41.7,2.1,0.503886269581436
9162,KS München,6.1,22.7,5.2,1810,3879,1.38083333333333,80.6,84.8,3374.5,22.1,6234.7,1332,12.4,4601,72.1,80.4,25.5,38,58.2,1348335,137785,41.5,1.9,0.517003563654433
9163,KS Rosenheim,4.6,34.5,5.2,298,3131,1.14333333333333,78.2,82.9,2547.6,54,4015.2,911,6,1636,72.3,102.2,29.7,40.6,71.7,59329,6512,42.2,2,0.514385882114986
9171,Altötting,3.4,40.1,3.7,186,3404,45.27,77.4,83,2893.7,83.7,1457.6,972,5.5,189,67.9,53.1,35.4,47.5,92.41875,106022,12380,43.3,2.3,0.512657750278244
9172,Berchtesgadener Land,5.1,34.2,3.9,174,2729,34.34,79,82.6,2320.7,75.4,1765.7,645,8.8,123,82.5,58.8,37,43.5,82.0866666666667,100829,12630,44.1,2.2,0.515278342540341
9173,Bad Tölz-Wolfratshausen,2.8,32.2,3,264,2933,35.915,79.5,83.4,2446.4,86.2,1683.6,781,9.7,111,68.9,50.6,34.2,44.6,85.0588235294118,119178,13991,42.9,2.3,0.513677020926681
9174,Dachau,4.4,29.7,2.6,618,2942,20.7741666666667,79.9,83.3,2469.2,83.3,1893.3,858,13.5,253,59.5,33.4,35.2,42.7,89.3466666666667,138697,14497,41.3,2.4,0.50770384363036
9175,Ebersberg,4.6,26.5,2.5,497,2974,23.4016666666667,81,83.5,2648.6,85.5,1992.5,931,13,246,55.6,24.3,34.9,44.6,88.0285714285715,127567,13904,41.5,2.4,0.508423024763458
9176,Eichstätt,2.1,35.3,1.4,201,3019,22.6833333333333,79.9,83.8,2374.8,87.1,1092.6,770,6,105,50.3,35.3,27.2,49.4,95.0347826086956,123420,12439,40.6,2.6,0.500567169016367
9177,Erding,3.1,31.7,2.2,376,2821,23.4083333333333,79.6,83.9,2422.7,84.5,1252.5,935,10.7,151,57.6,30.8,33.2,45.3,91.0058823529412,125706,12031,40.3,2.5,0.502672903441363
9178,Freising,3.7,28.9,2.5,422,3228,11.9783333333333,79.7,83.7,3111.1,83,1569.6,996,9.3,213,55.2,20.7,32.6,44.2,88.3705882352941,162818,14974,39.8,2.3,0.499791177879596
9179,Fürstenfeldbruck,3.2,25.3,3.3,634,3040,23.4983333333333,80.3,84.4,2618.8,78.6,2642.4,864,10.9,484,53.7,18.1,35.1,43.9,88.2785714285714,201597,24155,42.9,2.2,0.516466018839566
9180,Garmisch-Partenkirchen,2.3,45.5,3.9,141,2660,17.9133333333333,78.8,82.7,2277.3,75.7,1618,710,9,85,89.6,149.1,34,45.2,78.66,84046,11197,45,2.1,0.520238916783666
9181,Landsberg a.Lech,4.9,32.8,3,324,3056,28.3775,80.2,84,2569.6,79.9,1322.9,842,7,144,61.1,40.6,24.7,47.8,92.55625,113084,12249,41.5,2.4,0.50557992288918
9182,Miesbach,3.7,38.7,3.1,248,2893,31.9816666666667,78.9,83.3,2408.8,86.2,1532.2,867,10.4,112,77.5,46.8,38.2,47.7,82.4588235294118,93630,11526,43.7,2.2,0.519064402435117
9183,Mühldorf a.Inn,4.9,43,4,216,2933,43.3691666666667,77.3,82,2392.1,86.8,1296.3,787,9.6,137,68.9,35.6,36.7,46.4,93.9388888888889,106415,12024,42.5,2.5,0.505520838227693
9184,München,3.3,22.6,3,820,4016,12.99,81.4,84.4,3623.4,76.7,2484.5,2094,12.3,501,53.2,38.5,40.8,44.9,84.6586206896552,317249,37190,42.4,2.2,0.511015007139502
9185,Neuburg-Schrobenhausen,4.1,39.3,2.3,253,2952,21.5808333333333,78.7,83.3,2353.5,84.1,1077.6,736,8.2,126,58.8,47.9,33.5,47.9,95.5307692307692,90593,9508,41.5,2.4,0.503659223118784
9186,Pfaffenhofen a.d.Ilm,5.5,36.4,2.2,303,3135,21.2533333333333,79.1,82.9,3005,83.1,1182.4,828,11,160,56.7,27.3,30.4,48.5,93.55,116116,11973,41.3,2.5,0.499603844431431
9187,Kreis Rosenheim,4.6,34.5,2.9,249,2822,20.2716666666667,79.3,83.6,2407.5,83.8,1586.5,762,9.2,175,73.9,108.1,43.6,46.4,87.6025,244256,28091,42.4,2.4,0.509805286257042
9188,Starnberg,2.5,32.3,2.9,572,3400,22.4733333333333,81.7,84.2,2882.7,69.5,1886.3,1205,10.6,270,76.6,99,27.8,49.9,87.3071428571429,127132,16254,43.7,2.3,0.521442280464399
9189,Traunstein,4.2,37.5,3.2,187,3030,19.8383333333333,79.7,83.9,2555.7,81.7,1328.4,827,7.5,112,65.7,50.1,32.9,48.6,88.9758620689655,168510,20862,43.6,2.3,0.514076315945641
9190,Weilheim-Schongau,4.4,34.5,2.8,222,3306,37.5383333333333,79.9,83.3,2640.2,86.9,1459.6,837,5.9,136,74.7,36.6,31.2,46.4,89.5631578947369,128762,15096,42.6,2.3,0.509412714931424
9261,KS Landshut,3.3,34.7,4.9,279,2941,1.715,77.7,82.1,2402.3,60.4,3085.2,909,18.4,1026,75.5,180.7,48.6,43.9,78.4,63544,7194,43.6,2,0.525305300264384
9262,Passau Stadt,4,43.8,5.9,182,3121,1.26,76.7,81.2,2517.4,59,2262.3,828,10.5,718,84.1,151.1,33.3,48.2,76.4,48649,5689,43.6,1.9,0.530761166724907
9263,Straubing,4.1,42.4,5.8,184,2859,1.675,74.8,79.8,2427.8,59.9,2327.3,836,14.1,681,86.9,94.5,35,44.4,79.1,44488,5264,44.3,2,0.508159503686387
9271,Deggendorf,3.8,37.6,3.7,147,2873,14.2483333333333,77.7,81.9,2459.8,83.1,1119.4,688,5.4,134,66.6,95.3,27.6,49.9,94.5263157894737,114454,12549,42.5,2.4,0.508929351529872
9272,Freyung-Grafenau,3.8,52.8,4.2,107,2573,35.1808333333333,77.3,82.3,2037.9,87.7,860.3,529,2.7,79,60.3,52,15.9,51,94.3052631578948,78170,8823,43.1,2.5,0.507227836766023
9273,Kelheim,4,41.7,3,209,2928,28.71,78.6,82.7,2400.4,86.2,1063.5,720,9.1,109,66.1,32.8,29.2,48.2,93.5384615384615,112753,11666,41.4,2.5,0.502665117557848
9274,Kreis Landshut,3.3,34.7,2.6,211,2948,19.4016666666667,79.4,83.2,2460,86.4,1035.6,794,8.1,113,54,12.2,30.7,48.8,94.9333333333333,147161,15337,41.4,2.6,0.500825626354809
9275,Kreis Passau,4,43.8,4.1,150,2598,21.2275,77.9,82.9,2196.7,84.2,964.9,598,5.7,122,79.4,34.1,21.7,51.5,93.4314285714286,184190,21202,43.1,2.4,0.509718225745154
9276,Regen,3,59.9,4,110,2702,30.6883333333333,76.5,81.8,2183.3,89.5,957.9,606,2.1,78,70.8,41.2,22.2,50,92.2095238095238,76782,8974,43.5,2.4,0.505483055924566
9277,Rottal-Inn,5.2,41.5,3.5,152,2644,44.44,77.8,82.4,2193.9,87.4,910.4,651,6.5,92,61.8,52.2,29.1,51,96.06,116634,13534,43,2.5,0.508513812438912
9278,Straubing-Bogen,4.1,42.4,3,158,2696,18.1041666666667,78.7,82.9,2274,86.2,802.6,665,6.4,82,57.2,42.9,21.4,50.8,96.1818181818182,95853,10154,41.8,2.6,0.503844428447727
9279,Dingolfing-Landau,2.8,42,2.8,156,3779,28.2116666666667,78,82.2,3116.4,84.4,936.5,1652,10.5,107,61,26.8,25.4,48.8,96.1071428571429,90156,9845,42.1,2.5,0.498314033453126
9361,Amberg,4.2,52.3,6.3,188,3204,1.325,75.5,80,2649.2,62,2426.4,811,2.1,828,86.7,134.8,40.9,46.6,75.5,41912,4906,44.1,2,0.513098873830884
9362,KS Regensburg,4.4,30,4.9,309,3454,2.00666666666667,78.4,83,3008,36.7,3168.9,1275,12.3,1763,71,193.7,40.1,43.1,64.1,135403,13184,41.3,1.8,0.524818504759865
9363,Weiden i.d.OPf.,4,53,7.5,155,2684,1.80166666666667,75.6,79.7,2207.2,65.5,2025.6,741,4.9,593,78.9,170.7,37,47.8,73.1,41746,4933,44.1,2,0.527882910937575
9371,Amberg-Sulzbach,4.2,52.3,3.5,171,2940,15.4683333333333,77.8,82.8,2407.9,87.6,872.6,591,1.2,82,66,20.1,39.3,50.5,93.2636363636363,103902,11596,42.8,2.4,0.504869973628996
9372,Cham,2.6,59.1,3.4,116,2608,44.5916666666667,77.3,82.9,2216.7,86.7,802.5,625,3.1,83,66.7,54.7,24.4,50.7,94.4875,125689,14289,42.8,2.5,0.503369427714438
9373,Neumarkt i.d.Opf.,3.3,38.9,2.4,207,2989,19.505,78.4,82.6,2388.3,81.6,916.2,732,6,96,59.7,40.3,35,49.2,95.9882352941176,126436,13132,41.6,2.6,0.503385111835237
9374,Neustadt a.d.Waldnaab,4,53,4.1,128,2776,17.7583333333333,77.4,81.8,2304.1,81.8,675.3,583,-0.7,67,67.2,19.8,28.8,50.9,91.7571428571429,96317,10503,42.4,2.5,0.506348827309821
9375,Regensburg,2.6,37.1,2.5,205,2951,18.5008333333333,79.4,83.4,2466.6,85.3,1203.6,694,7.4,135,62,12.3,37.6,49.8,91.9034482758621,182289,19290,41.8,2.5,0.505296534623592
9376,Schwandorf,3.1,52,3.5,139,2783,27.36,77.5,82.5,2327.1,84.2,929.6,693,5.3,98,70.3,39.9,33.3,48,92.9736842105263,142406,15751,42.8,2.4,0.50341979972754
9377,Tirschenreuth,3.8,64.7,4.8,123,2759,19.64,76.3,81.4,2354.7,87.3,822,600,-0.6,68,62.8,39.6,33.6,49,91.4777777777778,74866,8893,43.8,2.4,0.506758742286218
9461,Bamberg,3.6,37,5.2,279,3159,1.72666666666667,77.3,81.5,2538.1,43.8,2611.9,808,7.1,1317,79.2,140.8,40.1,44.3,63,70635,7617,42.7,1.9,0.531676930700078
9462,Bayreuth,3.9,46.8,6.3,211,3012,1.685,76.4,82.6,2577.2,53.8,2559,886,6.5,1070,67,191.6,45.5,44.5,71.2,70808,8091,43,1.9,0.524022709298384
9463,Coburg,5.9,48.8,6.4,199,3281,1.57333333333333,76,80.3,2908.7,51.2,2101.3,1573,4.1,850,53.6,124.2,39.3,46.9,77,41023,4925,44.6,2,0.524193744972333
9464,Hof,5.4,78.4,7,185,2508,1.13666666666667,74.4,80.1,2310.4,58.6,2103.5,692,2.8,764,90.2,100.4,33.6,47.8,70.2,44759,5671,45.3,1.9,0.530686565830336
9471,Kreis u. Stadt Bamberg,3.6,37,3.1,226,2715,14.9333333333333,77.7,82.3,2302.2,85.5,1211.1,687,3.4,124,52.5,20.8,35,47.9,90.3285714285714,143610,14727,41.5,2.5,0.503648770976951
9472,Kreis u. Stadt Bayreuth,3.9,46.8,3.8,177,2677,17.5983333333333,77.7,82.6,2310.1,88,892.1,582,1.6,82,59.3,11.9,35.8,50.5,91.3428571428571,105396,12266,43.4,2.4,0.508349462977722
9473,Kreis u. Stadt Coburg,5.9,48.8,4.3,176,2483,14.0516666666667,77.9,82.7,2251.7,82.5,1139.7,680,0.9,147,61.1,10.7,32.6,49,90.93125,87775,10759,44.1,2.4,0.508892053545998
9474,Forchheim,3.3,44.5,3.2,307,2856,24.3,78.5,82.1,2473,84.2,1411.5,666,4.1,177,56.2,27.2,33.2,48.8,91.8368421052631,112738,12211,42.3,2.4,0.506918696446628
9475,Kreis u. Stadt Hof,5.4,78.4,4.6,162,2539,15.3791666666667,77,81.9,2389.5,85.6,938.3,637,-0.7,108,66.2,58.7,37.5,50.6,90.8809523809524,99371,13279,45.7,2.3,0.517082448601705
9476,Kronach,3.4,56.6,4.4,161,2529,28.23,76.8,81.8,2263.5,87.3,1065.3,681,-2.1,104,61.8,41.5,22.1,50.3,94.0533333333334,69927,8581,44.9,2.3,0.511447652551947
9477,Kulmbach,6.5,55.2,5,173,2772,11.1716666666667,76.8,82.1,2385.5,86.3,990.8,697,-0.2,110,73.1,68.9,30.8,50.4,91.7642857142857,74070,9023,44.6,2.3,0.51270419873093
9478,Lichtenfels,5,46.1,4.6,190,2509,17.5366666666667,76.4,80.8,2313.3,82.7,1112.6,625,1.1,128,63.1,112.6,36.2,48.8,92.3111111111111,67297,7920,43.9,2.3,0.510869726733733
9479,Wunsiedel i.Fichtelgebirge,5.8,79,5.7,149,2754,10.915,75.7,80.7,2360.8,84.4,1079.3,626,-1.7,121,68.1,55.6,30.2,50.7,87.925,76044,10330,46.4,2.2,0.521645363210773
9561,Ansbach,4.4,46.5,4.7,225,3005,1.40666666666667,75.8,80.1,2590.3,73.7,1761.5,809,6.8,401,70,215.7,43,46.2,78.6,39491,4414,43.8,2.1,0.530019498113494
9562,KS Erlangen,3.4,22.4,4,556,4366,1.59666666666667,79.3,83.6,3601.5,52.8,3369.8,1046,6.1,1383,70.5,204.7,44.5,44.6,73,103720,10375,41.2,1.9,0.511058619359815
9563,KS Fürth,7.1,37.1,6.9,656,3086,1.41333333333333,77.1,81.9,2737.3,47.4,4130.8,751,13.9,1918,63.4,66.7,44.7,41.6,69.8,115613,12048,42.3,2,0.518393260273499
9564,KS Nürnberg,7.6,30.7,7.9,826,3317,1.445,77.8,83,2918,34.6,4384.2,929,8,2688,67.1,69.5,39.6,40.7,66.4,486314,54930,43.1,1.9,0.520595746780886
9565,Schwabach,5.8,38.3,4.6,512,2833,1.56333333333333,77,80.9,2466.8,62,2833.8,829,11.8,979,70.1,42.6,45.1,45.5,83.4,38469,4454,43.4,2.2,0.520367048792534
9571,Kreis u. Stadt Ansbach,4.4,46.5,3.1,199,2700,19.87,78.3,83.3,2265.1,85.4,874.9,696,3.3,91,57.4,30,28.2,48.6,93.1588235294118,178354,19518,42.1,2.5,0.503947206118169
9572,Erlangen-Höchstadt,3.2,34.6,2.4,405,3590,12.8066666666667,79.9,83.2,2660.7,79.8,1730.7,951,5.2,235,62.5,8.7,36.2,49.1,90.3,130395,14748,42.2,2.4,0.505019364239426
9573,Fürth,2.3,36.5,3.4,470,2683,12.1266666666667,78.9,82.7,2294.7,79.2,2139.4,743,5.1,370,47.4,0,39.6,48.8,88.0416666666667,112786,13612,43.7,2.2,0.515108258117142
9574,Nürnberger Land,7,41.8,3.1,348,2955,20.135,78.4,82.8,2456.7,83.6,1572.2,831,6.3,208,59.7,59.1,37.5,49.2,90.1318181818182,163967,20193,43.9,2.3,0.51261534333128
9575,Neustadt a.d.Aisch-Bad Windshe,4.4,48.8,2.7,205,2596,31.3333333333333,78.4,82.7,2138.2,86.6,788.3,638,3.3,77,68.5,46.9,31.8,49.3,92.76,97475,10994,42.7,2.5,0.50588355988715
9576,Roth,5.8,38.3,2.9,302,2798,18.73,78.5,83,2352.4,84.2,1176,736,3.3,138,60.5,21.8,27.6,48.1,92.4,123344,13983,42.5,2.4,0.507426384745103
9577,Weißenburg-Gunzenhausen,3.3,55.1,3.5,184,2894,37.2983333333333,77.4,82.8,2266.4,84.3,927,634,3.9,95,62.7,45.4,31.7,48,92.5785714285714,92369,10755,43.2,2.4,0.50608970542065
9661,Aschaffenburg,4,44.6,6.1,516,3157,2.03,76.8,81.8,2637.2,53,2756.7,968,5.1,1091,60.1,118.5,25.4,43.6,67.9,67359,7226,43,2.1,0.521504179100046
9662,Schweinfurt,4.9,44.4,6.5,225,3697,1.99666666666667,76.1,81.3,3060.6,36.9,2634.6,1194,1.6,1446,62,178.3,42.7,42.7,67.1,52143,6535,44.6,2,0.522064323111444
9663,KS Würzburg,5.4,27.9,4.9,311,3129,1.85583333333333,78.2,83.1,2526.7,46.4,2956.7,829,1.5,1418,85.3,188.1,38.9,44.5,66.5,124297,13110,42.1,1.8,0.532289596691795
9671,Kreis u. Stadt Aschaffenburg,4,44.6,3.2,420,2956,19.4566666666667,79.7,83.4,2522.8,80.4,1740.6,797,2.1,247,58.5,8.8,20.7,48.8,89.0304347826087,172612,19986,42.9,2.4,0.505926586795819
9672,Bad Kissingen,2.6,67.1,4.2,158,2726,31.92,78.9,82.5,2219.5,83.8,845.2,583,1.6,91,67.1,85.5,34.3,50.5,90.8470588235294,104020,12962,44.6,2.3,0.512901365122092
9673,Rhön-Grabfeld,3.3,60,3.4,133,2882,37.8033333333333,78.1,82.3,2354.8,87.1,791.8,602,-0.6,78,69,137.6,28.6,50.6,92.5307692307692,80829,9523,43.1,2.5,0.506006507565354
9674,Haßberge,4.6,48.6,3.6,168,2923,24.4483333333333,77.6,81.9,2241.1,86.6,862.4,621,1,88,58.2,28.5,23,48.9,93.4928571428571,84575,9382,42.6,2.5,0.501342004138339
9675,Kitzingen,3.3,56.6,3.4,196,2872,27.7983333333333,78.5,82.4,2264.8,82.4,944.6,703,4.7,129,61,27.7,33,47.6,91.1083333333333,87719,9923,42.7,2.4,0.505420718430443
9676,Miltenberg,4.7,55.9,3.4,324,2965,32.3666666666667,79.2,83.2,2380.5,85.8,1578,727,0.5,179,61.7,23.4,22.3,47.6,90.0384615384616,128405,14712,42.5,2.5,0.502706280908064
9677,Main-Spessart,2.5,56.9,2.7,212,3233,33.805,79,83.2,2683.4,87.9,1027.1,740,-0.3,95,63.5,52.8,28.5,50.7,92.04375,127508,15144,43.6,2.4,0.504564419487405
9678,Kreis u. Stadt Schweinfurt,4.9,44.4,2.9,193,2573,16.2966666666667,79.6,83.4,2095.8,84.2,1081.4,614,3.4,135,51,53,27.8,49.3,90.5857142857143,113084,13335,43.1,2.5,0.502829754872484
9679,Würzburg,2.8,43.2,2.9,222,2763,15.5283333333333,80.1,84.3,2292,84.5,1348.3,702,2.3,165,65.3,8.2,24.3,49.6,89.9969696969697,158095,18286,42.6,2.4,0.505632689205857
9761,KS Augsburg,4.1,37.6,6.8,560,3319,2.43333333333333,77.8,83.3,2798.1,51.8,4464.5,736,13.5,1914,63.3,105.5,34.9,38.9,64.9,267767,29522,42.6,1.9,0.519029604096098
9762,Kaufbeuren,4,41.5,6.1,221,2875,1.975,76.3,81.3,2261,58.5,2767.3,652,6.5,1050,83.3,149.5,42.1,42.1,78.6,41550,4934,44.1,2,0.51812274368231
9763,Kempten (Allgäu),4.9,34.1,4.8,223,2990,1.675,77.9,81.9,2504.4,64,3198.8,803,8.4,1037,71.6,86.9,39.6,40.5,70.3,64078,7832,43.6,2,0.51351477886326
9764,Memmingen,3.3,43.2,4.1,224,3071,1.86166666666667,77.6,81.3,2569.7,71.6,2341.2,948,8.2,602,64,129.4,34.6,41.5,81.7,41241,4735,43.3,2.1,0.514803229795592
9771,Aichach-Friedberg,3.8,36.4,2.8,360,2820,18.7233333333333,79.6,83.8,2152.1,85.1,1388.9,766,5.8,166,58.8,23.2,29.8,48,93.4785714285714,126387,13635,41.7,2.5,0.506302072206793
9772,Augsburg,5.2,34.9,3.1,345,2790,18.4316666666667,79.6,83.7,2441.7,81.8,1495.9,782,6.8,227,62.2,12.5,30.2,46.9,92.0103448275862,237095,26716,42.3,2.4,0.508796052215357
9773,Dillingen a.d.Donau,3.5,44.8,2.7,232,2961,35.595,78,83,2406.3,83.6,1009.4,767,1.6,118,51.3,33.9,32.3,46.7,95.57,93308,9962,41.7,2.5,0.505497920864235
9774,Günzburg,7.1,45.9,3.1,263,2958,28.7116666666667,78.5,82.7,2494.4,81.5,1135.1,780,4.4,160,63.2,86.4,28.9,46,94.0941176470588,120183,12842,41.6,2.5,0.503582037392976
9775,Neu-Ulm,5.3,33.5,3.3,285,3227,12.4741666666667,79.3,83.7,2682.8,77.5,1807.2,842,6.5,325,63.7,23.2,33.5,44.8,90.65,163854,18314,42.1,2.3,0.509789202582787
9776,Lindau (Bodensee),3.2,38.4,3,253,3143,29.5975,78.6,83.2,2566.5,84.5,1817.6,741,6.1,245,68,62.2,40.2,45.9,81.2769230769231,78422,9663,43.4,2.2,0.511603886664456
9777,Ostallgäu,4,41.5,2.9,181,3014,20.4441666666667,79.7,83.2,2580.9,87.5,1217.6,760,6,97,60.3,32.4,31.5,47.1,89.59,133585,15704,42.4,2.4,0.507100348092975
9778,Unterallgäu,3.3,43.2,2.3,220,3070,20.3141666666667,79.5,83.8,2554.1,86.4,1039,761,7.9,113,59.1,28.8,35.6,47.7,93.8473684210526,135161,15526,42.4,2.5,0.504435451054668
9779,Donau-Ries,3.7,46.9,2.3,181,3151,44.5066666666667,78.8,83.3,2650.5,85.4,926.3,813,6,102,61.4,38.9,29.1,47.6,94.9,127920,14191,41.9,2.5,0.498905565978737
9780,Oberallgäu,4.9,34.1,3.2,159,2760,23.885,80,84.2,2315.4,83.2,1491.4,689,5.6,99,72.9,33.5,35.8,47.4,81.0260869565218,148649,18406,43.3,2.2,0.510861156146358
10041,Regionalverband Saarbrücken,5.9,63.3,9.6,480,3259,8.14833333333333,76.8,81.9,2610.7,66.3,2466,619,3,793,62.7,79.9,34,48.3,88.76,327065,40247,44.5,2,0.516722975555318
10042,Merzig-Wadern,4.4,55,5.2,292,2831,39.175,76.6,81.9,2247.9,84.4,1375.7,480,2.7,186,53.4,46.7,35.1,55.3,95.6285714285714,103636,12082,44,2.4,0.510990389439963
10043,Neunkirchen,6.3,61.1,7.7,418,3021,19.27,76.7,81.4,2263.9,71.3,2018,489,1.1,534,57.1,54,33,51.5,92.4571428571429,135531,17413,45.4,2.2,0.514015243744973
10044,Saarlouis,4.2,50.8,6.1,379,3050,24.7591666666667,77.5,81.8,2416.2,73.2,1819.9,608,1.6,426,57.3,50.1,23.9,52.9,93.7076923076923,197877,24700,44.9,2.3,0.51488550968531
10045,Saar-Pfalz-Kreis,4.6,54.2,5.8,374,3321,18.6083333333333,77.8,82.7,2637.4,78.4,1740,717,1.9,343,62.7,100.3,28.9,53.1,94.0857142857143,145394,18971,45.5,2.2,0.516837008404748
10046,Sankt Wendel,4.9,53,4.2,299,2907,34.4966666666667,77.5,82.2,2117,82.1,1185.4,565,0.1,185,62.3,26.7,25.7,56.1,96.175,90120,11314,45.1,2.3,0.509542831779849
11000,KS Berlin,7.8,35.4,12.4,3669,2905,1.815,78.2,83.2,2539.9,22.7,5541,665,11.8,3891,66,57.7,24.5,39.1,56.7,3292365,357602,42.3,1.8,0.514132546057317
12051,"Brandenburg an der Havel, Stadt",6.5,62.4,13.5,210,2492,1.77333333333333,76,81.8,2210.2,58.3,1398,440,2.1,309,57.7,122.9,25.3,41.2,67.5,71569,9896,46.6,1.9,0.508781735108776
12052,KS Cottbus,8.1,98.7,12.1,177,2535,1.93166666666667,76.4,81.7,2172.6,51,1994.8,544,2.7,602,70.4,115.5,35.3,40,70.7,99984,12168,45,1.9,0.510521683469355
12053,"Frankfurt (Oder), Stadt",8.7,74.5,13.8,148,2566,2.36666666666667,75.4,80.9,2191.9,71.7,1630.4,502,-2.8,390,72.9,161.7,37.5,40,67.8,59140,7250,45.4,1.9,0.519614474129185
12054,KS Potsdam,4.3,51.8,7.7,837,2759,2.11333333333333,79.3,83.6,2336.1,55.4,2896.9,567,11,871,62.8,97.9,26,39.1,62.8,156021,16130,41.9,1.9,0.52121829753687
12060,Barnim,7.9,29.2,9.7,410,2223,33.1483333333333,77.4,82.4,2011.8,81.9,1082.6,453,7,118,56.6,67.2,24.2,43.5,90.05,172165,21556,45.1,2.1,0.505503441466036
12061,Dahme-Spreewald,6,47.2,7.4,257,2329,43.1,78.2,83.5,2202.7,84.2,757.5,892,6.1,71,55,62.1,22.3,43.6,91.23125,160162,20587,45.5,2.2,0.505756671370238
12062,Elbe-Elster,8.4,41.7,12.9,112,1999,64.9466666666667,75.8,82.3,1962.4,87,688.5,377,-6,55,73.3,44.3,18.8,45.2,91.24375,110188,14664,47.1,2.2,0.506370929683813
12063,Havelland,7.5,74.3,9.2,289,2012,27.62,77.8,82.1,1804.8,85.4,878.1,482,7.7,90,50.8,31,21.3,44.1,89.5461538461539,152457,18038,44.3,2.2,0.507297139521308
12064,Märkisch Oderland,7.9,50.3,10.3,273,2222,35.03,77.8,83.3,2010.1,85.1,783.3,476,4.5,87,54.1,35.3,21.5,44.3,89.7368421052631,187374,23078,45.4,2.1,0.504429643387023
12065,Oberhavel,7.4,51.6,9.1,351,2361,44.1533333333333,77.9,82.4,2190.8,82.8,1074.6,641,8.1,113,55.6,49.9,21.1,42.8,88.5066666666667,200807,24141,44.5,2.1,0.507626726159945
12066,Oberspreewald-Lausitz,9.7,35.5,14.2,132,2275,30.9616666666667,74.9,81.8,2088.8,72.2,803.7,450,-5,92,62,46,28.9,43.4,84.9272727272727,117943,16210,47.4,2,0.511153692885546
12067,Oder-Spree,8.7,74.5,9.7,205,2303,26.545,77.4,82.9,2141.6,85.3,818.7,453,3.1,79,59,76.8,18.3,43.8,89.8833333333333,178176,23569,46.3,2.1,0.507660964439655
12068,Ostprignitz-Ruppin,9.2,66.5,11.3,95,2095,68.45,76.1,81.9,1990.7,89.8,615.1,422,1.2,39,66.7,119.9,17.8,45,89.11,100242,12634,45.9,2.1,0.502763312783065
12069,Potsdam-Mittelmark,6.5,62.4,6.9,255,2225,26.0483333333333,78.8,83.5,2139,87.2,898.9,543,8.6,80,56.4,33.4,25.4,44.6,92.0157894736842,202816,23685,44.3,2.3,0.506079402019565
12070,Prignitz,11.6,55.2,13.4,52,2042,66.2533333333333,75.6,81.2,1933.6,90.9,527.1,406,-2.4,36,63.2,46,20.2,47.7,89.6272727272727,80276,10980,47.6,2,0.507860381683193
12071,Spree-Neiße,8.1,98.7,10.6,119,2335,20.3766666666667,76.1,82.3,2096.5,80.4,731.5,526,-4.4,71,50,45.8,28.2,45.3,88.5727272727273,122523,16113,47.1,2.2,0.506941553830709
12072,Teltow-Fläming,9.4,94.4,7.9,308,2307,46.1016666666667,77.9,82.8,2269.8,87.2,782.7,742,6.4,77,50.8,31.1,27.9,43.4,88.7428571428571,159255,18807,44.5,2.1,0.504926061976076
12073,Uckermark,12.1,64.7,16,89,2109,58.0483333333333,75.9,82.4,2014.5,87.1,603.9,414,-3,39,57.9,62.2,14.7,44.6,87.0153846153846,124682,16655,46.7,2,0.507298567555862
13003,"KS Rostock, Hansestadt",10.9,56.9,12.2,256,2577,2.95833333333333,77.3,83.7,2267.3,47.6,2826.3,476,5.8,1126,64.2,73,28.8,37.4,55.2,200266,23927,43.9,1.8,0.510076598124494
13004,Schwerin,12.5,37.9,12.1,172,2620,2.13666666666667,75.6,82.7,2286.3,36.7,2282.1,523,5.9,706,83.6,159.5,31.8,42.3,58.1,91293,11617,45.5,1.8,0.526316365986439
13071,Mecklenburgische Seenplatte,12.6,77.4,14.2,64,2126,35.9166666666667,76.6,83.1,2018.3,82.4,730,416,-2.3,48,73,62.7,23.1,43.6,85.865,281411,34406,45.6,2.025,0.508025627996063
13072,Landkreis Rostock,10.7,63.5,9.8,87,2043,31.8,77.2,83.1,1889.4,86.1,746.4,462,2.1,62,57.6,38.2,27,44.2,88.3434782608696,212559,25451,45,2.2,0.501959455962815
13073,Vorpommern-Rügen,10.1,49.7,13.5,74,1993,30.4716666666667,76.6,82.5,1910.4,84.9,813.3,403,2.1,70,68,54.4,21.2,44,86.495,225513,28948,46,2,0.508325462390195
13074,Nordwestmecklenburg,12.5,37.9,10.6,139,2287,24.905,76.9,82.8,2024,84.9,843.8,430,0.4,73,63.7,37.8,27.6,43.1,88.2916666666667,156634,18237,44.7,2.1,0.50215789675294
13075,Vorpommern-Greifswald,12.2,64.9,14,81,2060,39.9816666666667,76,82.3,1932.1,82.9,748.6,368,-0.1,61,67.7,95.8,25.9,43.7,84.5052631578948,227935,27536,44.6,2.03333333333333,0.509364511812578
13076,Ludwigslust-Parchim,12.1,64.4,9,90,2088,39.225,76.6,82.4,1898.7,87.7,604.4,472,1,45,61.1,44.4,26.5,44.6,88.6,214370,25120,45.2,2.2,0.501889256892289
14511,"Chemnitz, Stadt",11.9,67.2,11,485,2421,1.53416666666667,77.5,83.2,2157.6,53.8,2482.4,523,7.7,1103,64.1,95.6,34.9,41.5,58.1,240253,34143,46.7,1.8,0.517904042821526
14521,Erzgebirgskreis,7.7,136.3,9.4,267,1962,31.6433333333333,77.2,83.4,1845.7,85.1,1589.4,360,-3.5,191,62.9,59.3,25.9,40.3,77.7020833333333,361791,49968,46.8,2.1,0.512077414861066
14522,Mittelsachsen,9.4,94.1,9,271,2038,28.835,77.7,83.8,1983.9,87,1357.4,448,-2.8,148,56.3,46.1,31.1,42.1,83.1933333333333,322078,44426,46.7,2.1,0.50688342575401
14523,Vogtlandkreis,7.2,101.3,9,207,2031,15.5908333333333,76.8,82.9,1941.7,85.9,1485.2,419,-1.8,165,64.5,73.1,37.6,44.7,82.3730769230769,240052,33958,47.6,2,0.517033809341309
14524,Zwickau,9.6,128.3,9,343,2284,11.44,77.2,83.2,2110.8,79.6,1957.3,485,-1.9,343,61.5,63.5,32.5,42.5,78.5260869565218,335220,46990,47.3,2,0.51661297058648
14612,"Dresden, Stadt",8.5,115.5,9.5,740,2782,1.57666666666667,79.8,84.9,2369.5,55.1,3983.2,538,9.7,1634,57.6,68.7,35.4,37.6,55.2,512354,58928,42.6,1.9,0.511568173567494
14625,Bautzen,8.5,51.3,10,207,2078,14.4966666666667,77.2,83.9,1974.9,80.9,1218.6,436,-3.3,128,64.9,57.5,26.7,41.7,89.3581395348837,315174,42077,46.3,2.2,0.506631257654502
14626,Görlitz,10.7,72.6,12.7,154,2000,27.6183333333333,76.8,82.7,1933.3,79.8,974.2,377,-3.3,124,62.6,74.5,27.9,45.6,86.9571428571429,269647,38324,47.5,2.1,0.512351333409977
14627,Meißen,8.4,128.9,9.8,271,2209,28.6716666666667,78.1,84,2093,84.3,1359.1,465,0.2,168,65.2,49.5,26.8,42.6,85.056,247054,32813,46.4,2.1,0.509605187529852
14628,Sächsische Schweiz-Osterzgebirge,9.5,90.7,9.1,308,2065,24.5466666666667,78.4,84.1,1946,88.3,1578.5,418,2.6,149,58.5,52.6,32.6,41.2,82.0227272727273,246818,34090,46.3,2.1,0.508297612005607
14713,"Leipzig, Stadt",13.4,87.4,12,754,2549,1.585,77.7,83.3,2227.5,41.7,3484.3,508,20.3,1831,63.4,73.5,34.2,41.4,53.7,502979,57692,43.5,1.8,0.520347767998266
14729,Leipzig,8.3,121.5,9.8,331,2049,22.6841666666667,77.6,83.5,1987.1,76.5,1164.2,452,0,156,62.1,43.6,30.7,44,84.1592592592593,262214,34316,46.2,2.1,0.510754574507845
14730,Nordsachsen,12.5,92.4,11.3,229,2148,37.3933333333333,77.2,82.7,2056.8,85.2,946.4,436,-1.2,98,62.9,72.6,29,43.8,87.9666666666667,201165,25327,46,2.1,0.50727512241195
15001,"Dessau-Roßlau, Stadt",11.5,91.8,12.3,213,2427,2.05,76.6,81.4,2184.7,75.6,1627.5,451,-2.7,339,60.2,114,40.2,45.6,76.2,86030,12906,48.1,1.9,0.517691502964082
15002,"Halle (Saale), Stadt",11.6,98.1,12.4,456,2621,1.58,76.6,82.2,2174.7,42.7,3243.7,396,6,1722,68.4,127.7,29,40.6,55.6,229153,27961,44.3,1.8,0.525849541572661
15003,"Magdeburg, Landeshauptstadt",10.9,115.2,11.8,357,2543,1.85166666666667,76.8,83.1,2172.7,47,2533.1,519,7,1156,65,100.6,40.1,41.5,63.8,228144,28113,44.7,1.8,0.515148327372186
15081,Altmarkkreis Salzwedel,13,94.5,9.7,84,2046,50.2133333333333,75.2,81.3,1945.6,91.4,532,454,-2.5,38,48.8,50,33.3,47.3,90.1166666666667,88241,10561,45.1,2.2,0.501036932945003
15082,Anhalt-Bitterfeld,11.5,91.8,11.8,202,2108,21.1283333333333,75.6,81.8,2061.9,83.8,931.2,450,-4.6,114,66,53.9,25.7,44.8,87.45,172127,22894,47,2,0.512423966025086
15083,Börde,8.7,108.2,8.4,174,2300,24.9858333333333,76.2,82.7,2121.8,88.1,749.2,637,-1.4,73,57.9,37.1,33.5,46.5,89.3846153846154,176048,20890,45.1,2.2,0.503692174861401
15084,Burgenlandkreis,11.7,79.1,12.9,255,2209,27.6908333333333,76.6,82.8,2042,83,972.5,432,-1.8,130,66.3,58.5,29.5,44.2,83.0363636363636,189729,25851,47.4,2.1,0.510169768459223
15085,Harz,8,102.8,9.8,169,2232,46.3066666666667,75.8,82,1994.4,88.5,1059.8,414,-2.3,104,58.3,74.8,31.2,46,85.9785714285714,226495,30731,47,2,0.51312832512859
15086,Jerichower Land,12.3,85.8,10.2,138,2157,27.7616666666667,75.8,81.2,2037.1,88.9,673.6,439,-1.5,58,51.4,82.8,36.2,47.4,89.725,93849,11881,46.2,2.1,0.503660134897548
15087,Mansfeld-Südharz,15.5,96.1,14.6,167,2083,42.2783333333333,76.2,82.1,1892.3,86.4,853.8,342,-4,98,59.1,54.9,24.2,44.5,90.0818181818182,147887,21321,47.8,2.1,0.508482828105243
15088,Saalekreis,9.3,79.1,10.3,299,2336,17.4033333333333,76.4,82.9,2174.3,80.3,852.1,599,-2.9,130,52,34.8,19.4,44.9,87.7933333333333,191681,24581,45.9,2.2,0.507442052159578
15089,Salzlandkreis,12.1,73.8,12.2,201,2250,29.8183333333333,74.9,81.5,1965.1,82.2,1009.5,407,-4,138,61.5,74.4,37.8,45.2,85.8,205458,27972,47.1,2,0.51283473994685
15090,Stendal,12.8,101.6,14.1,77,2144,64.4866666666667,75.2,81.4,1933.4,88.9,625.6,368,-5.2,47,60.2,90.2,34.1,47.8,88.3444444444445,119204,14951,45.6,2.1,0.506090399651018
15091,Wittenberg,10,90.6,11.1,136,2088,40.615,75.9,81.9,1996.1,88.6,773.2,480,-2.5,67,64.5,48.2,25.4,45.9,90.2888888888889,132994,18180,47.4,2.1,0.510767403040739
16051,"KS Erfurt, Landeshauptstadt",8.3,78.6,9.4,348,2516,1.635,77.8,82.9,2249.8,69,2750.2,520,7.6,764,63,80.7,34.3,38.8,65.2,200868,23295,43.5,1.9,0.51955513073262
16052,"Gera, Stadt",7.5,83.3,12.2,302,2212,1.605,76.3,82,2061,74.8,2620.9,427,1.9,621,72,101.9,28.6,43.9,60.6,96067,13164,47.5,1.8,0.522302143295825
16053,KS Jena,4.4,49.2,7.1,282,2819,2.1475,79,84,2438.4,72,3886.6,586,3.5,943,59.1,133.5,37,38.3,64.6,105739,11569,41.7,1.9,0.507362467963571
16054,"Suhl, Stadt",9.1,83.2,8,178,2323,40.2208333333333,75,79.6,2126.1,80,1828.2,539,-0.1,352,66.3,164.9,23.2,41.5,78,36960,5638,48.6,1.9,0.516801948051948
16055,"Weimar, Stadt",7.9,68.8,9.5,263,2638,18.6316666666667,77.6,82.3,2185,68.5,2818.3,421,2.7,751,72.5,87.4,29.6,39.6,65.1,62764,6912,43,1.9,0.520473519852145
16056,"Eisenach, Stadt",7.5,49.4,9.4,181,2528,44.5191666666667,74.3,80.2,2210.3,79,2197.6,492,5.8,402,76.4,96.5,33.3,41.6,63.8,41753,5424,45.9,1.9,0.516417981941417
16061,Eichsfeld,5.7,20.4,6.7,167,2123,39.2541666666667,78.3,83.2,1926.9,89.1,1158.9,410,-3.2,107,64.5,44.2,19.7,42.1,92.3461538461538,102257,12030,43.7,2.5,0.499291002082987
16062,Nordhausen,10.5,51.8,10.5,143,2269,57.7333333333333,75.8,81.6,2043.2,86.1,1162.5,393,-1.5,119,63.5,119.2,29,42.7,90.1,87210,11592,45.9,2.1,0.506799678935902
16063,Wartburgkreis,7.5,49.4,6.3,156,2244,49.1233333333333,77,82.4,2168.5,88,1109.3,498,-2.3,96,64.4,41.6,23.6,43.7,91.4842105263158,128719,16383,45.6,2.3,0.500400096333875
16064,Unstrut-Hainich-Kreis,10.8,69.6,11.2,163,2044,45.0075,76.3,82.1,1932.8,88.3,1236.4,380,-1.3,106,65.4,116.6,27,43.8,91.8769230769231,106122,13022,45.1,2.2,0.507199261227644
16065,Kyffhäuserkreis,9,74.5,12.5,145,2182,42.49,74.7,79.9,2005.8,89,884.9,348,-2.5,74,66.1,67,21.5,46.3,91.3090909090909,80053,10719,46.6,2.2,0.504728117622075
16066,Schmalkalden-Meiningen,9.1,83.2,6.9,153,2130,51.3766666666667,76.6,82.1,1991.4,87.5,1115.2,428,-0.9,103,64,68.4,23.1,43.6,90.2266666666667,127622,16687,46.2,2.2,0.502013759383179
16067,Gotha,6.4,68.9,8,203,2229,25.5183333333333,77,82.3,2067.4,87.4,1396.9,436,2.4,145,49.5,39,27.6,42.5,89.54,136330,17431,45.6,2.1,0.506733660969706
16068,Sömmerda,9.9,68.3,10,192,2101,22.7466666666667,75.3,81.2,1983.3,89.6,1075.4,446,-1.3,87,56.7,0,19.5,43.4,92.48,71865,8797,45.2,2.2,0.501996799554721
16069,Hildburghausen,5.5,52,6,148,2046,29.1683333333333,76.3,81.9,1960.7,89.9,833.5,400,-3.1,69,61.8,87.1,29,44.6,91.5083333333334,66369,7972,45.4,2.4,0.501393722973075
16070,Ilm-Kreis,9.2,58.3,8.7,197,2295,25.1066666666667,76.6,82.1,2137.8,88,1332.1,492,0.5,129,54.2,53,27.3,43,87.7230769230769,110361,14207,45.6,2.1,0.502097661311514
16071,Weimarer Land,7.9,68.8,7.3,231,2144,17.27,77.1,81.8,2074.5,88.8,1070.6,465,-0.7,102,56.3,136.5,27.3,44.3,90.0666666666667,82643,9966,44.7,2.2,0.50588676596929
16072,Sonneberg,6.1,58.3,5,169,2140,28.115,75.1,80.8,1957.5,90.7,1727.3,464,-3,131,75.7,67.1,26.2,44.3,88.5555555555556,58943,7874,47.1,2.1,0.510764637022208
16073,Saalfeld-Rudolstadt,9.4,76.6,8.6,168,2245,44.8683333333333,75.9,82.5,2058.7,89.1,1330,433,-2.1,106,68.4,90.3,25.5,43.2,86.74,113267,15693,47.6,2.1,0.510298674812611
16074,Saale-Holzland-Kreis,8.7,68.8,7.5,227,2098,15.5666666666667,78.3,83.2,2015.4,89.3,1193.3,432,-0.8,103,54.8,79.1,24.3,43.1,86.43,84802,10940,45.8,2.2,0.503525860239145
16075,Saale-Orla-Kreis,5.8,60.7,7.6,159,2047,31.5166666666667,76.4,82.1,1923.5,89.5,1001.8,437,-3.8,72,66.4,14.5,23.6,44.1,88.5133333333333,85806,11109,46.3,2.2,0.508157937673356
16076,Greiz,7.5,83.3,9.1,240,2033,14.3083333333333,77.3,82.4,1948.6,87.2,1147.8,396,-4.2,120,53.3,43.3,30.4,44.7,85.95,105332,14530,47.6,2.1,0.509294421448373
16077,Altenburger Land,6.3,107.2,12,305,2001,23.2291666666667,76.9,82.4,1910.4,84,1383.6,368,-4.1,163,60.4,65.4,29.2,44.7,81.7,96737,14015,48.1,2,0.511965432047717
